dataset,cluster,Ground_Truth,variant,n_top_eval,marker_recall_at_n,noise_fraction_at_n,low_gini_fraction_at_n
CD8,CD8.c01.Tn.MAL,CD8_Naive,standard,10,0.125,0.9,0.0
CD8,CD8.c01.Tn.MAL,CD8_Naive,filter_only,10,0.375,0.5,0.0
CD8,CD8.c01.Tn.MAL,CD8_Naive,regex_mask,10,0.75,0.0,0.0
CD8,CD8.c01.Tn.MAL,CD8_Naive,full_core,10,0.875,0.0,0.0
CD8,CD8.c01.Tn.MAL,CD8_Naive,standard,20,0.25,0.9,0.0
CD8,CD8.c01.Tn.MAL,CD8_Naive,filter_only,20,0.625,0.6,0.0
CD8,CD8.c01.Tn.MAL,CD8_Naive,regex_mask,20,0.875,0.05,0.05
CD8,CD8.c01.Tn.MAL,CD8_Naive,full_core,20,0.875,0.0,0.0
CD8,CD8.c01.Tn.MAL,CD8_Naive,standard,30,0.375,0.8666666666666667,0.0
CD8,CD8.c01.Tn.MAL,CD8_Naive,filter_only,30,0.75,0.5666666666666667,0.0
CD8,CD8.c01.Tn.MAL,CD8_Naive,regex_mask,30,0.875,0.06666666666666667,0.06666666666666667
CD8,CD8.c01.Tn.MAL,CD8_Naive,full_core,30,0.875,0.0,0.0
CD8,CD8.c01.Tn.MAL,CD8_Naive,standard,50,0.5,0.88,0.02
CD8,CD8.c01.Tn.MAL,CD8_Naive,filter_only,50,0.875,0.5,0.02
CD8,CD8.c01.Tn.MAL,CD8_Naive,regex_mask,50,0.875,0.04,0.04
CD8,CD8.c01.Tn.MAL,CD8_Naive,full_core,50,1.0,0.0,0.0
CD8,CD8.c02.Tm.IL7R,CD8_EffectorMemory,standard,10,0.5,0.1,0.1
CD8,CD8.c02.Tm.IL7R,CD8_EffectorMemory,filter_only,10,0.5,0.0,0.0
CD8,CD8.c02.Tm.IL7R,CD8_EffectorMemory,regex_mask,10,0.5,0.0,0.0
CD8,CD8.c02.Tm.IL7R,CD8_EffectorMemory,full_core,10,0.25,0.0,0.0
CD8,CD8.c02.Tm.IL7R,CD8_EffectorMemory,standard,20,0.5,0.15,0.05
CD8,CD8.c02.Tm.IL7R,CD8_EffectorMemory,filter_only,20,0.5,0.05,0.0
CD8,CD8.c02.Tm.IL7R,CD8_EffectorMemory,regex_mask,20,0.5,0.0,0.0
CD8,CD8.c02.Tm.IL7R,CD8_EffectorMemory,full_core,20,0.25,0.0,0.0
CD8,CD8.c02.Tm.IL7R,CD8_EffectorMemory,standard,30,0.5,0.23333333333333334,0.1
CD8,CD8.c02.Tm.IL7R,CD8_EffectorMemory,filter_only,30,0.5,0.06666666666666667,0.0
CD8,CD8.c02.Tm.IL7R,CD8_EffectorMemory,regex_mask,30,0.5,0.0,0.0
CD8,CD8.c02.Tm.IL7R,CD8_EffectorMemory,full_core,30,0.25,0.0,0.0
CD8,CD8.c02.Tm.IL7R,CD8_EffectorMemory,standard,50,0.5,0.24,0.08
CD8,CD8.c02.Tm.IL7R,CD8_EffectorMemory,filter_only,50,0.5,0.08,0.0
CD8,CD8.c02.Tm.IL7R,CD8_EffectorMemory,regex_mask,50,0.5,0.0,0.0
CD8,CD8.c02.Tm.IL7R,CD8_EffectorMemory,full_core,50,0.25,0.0,0.0
CD8,CD8.c03.Tm.RPS12,CD8_EffectorMemory,standard,10,0.0,1.0,0.2
CD8,CD8.c03.Tm.RPS12,CD8_EffectorMemory,filter_only,10,0.125,0.3,0.0
CD8,CD8.c03.Tm.RPS12,CD8_EffectorMemory,regex_mask,10,0.125,0.0,0.0
CD8,CD8.c03.Tm.RPS12,CD8_EffectorMemory,full_core,10,0.125,0.0,0.0
CD8,CD8.c03.Tm.RPS12,CD8_EffectorMemory,standard,20,0.0,1.0,0.1
CD8,CD8.c03.Tm.RPS12,CD8_EffectorMemory,filter_only,20,0.125,0.2857142857142857,0.0
CD8,CD8.c03.Tm.RPS12,CD8_EffectorMemory,regex_mask,20,0.125,0.0,0.0
CD8,CD8.c03.Tm.RPS12,CD8_EffectorMemory,full_core,20,0.125,0.0,0.0
CD8,CD8.c03.Tm.RPS12,CD8_EffectorMemory,standard,30,0.0,0.9666666666666667,0.1
CD8,CD8.c03.Tm.RPS12,CD8_EffectorMemory,filter_only,30,0.125,0.2857142857142857,0.0
CD8,CD8.c03.Tm.RPS12,CD8_EffectorMemory,regex_mask,30,0.125,0.0,0.0
CD8,CD8.c03.Tm.RPS12,CD8_EffectorMemory,full_core,30,0.125,0.0,0.0
CD8,CD8.c03.Tm.RPS12,CD8_EffectorMemory,standard,50,0.125,0.84,0.06
CD8,CD8.c03.Tm.RPS12,CD8_EffectorMemory,filter_only,50,0.125,0.2857142857142857,0.0
CD8,CD8.c03.Tm.RPS12,CD8_EffectorMemory,regex_mask,50,0.125,0.0,0.0
CD8,CD8.c03.Tm.RPS12,CD8_EffectorMemory,full_core,50,0.125,0.0,0.0
CD8,CD8.c04.Tm.CD52,CD8_EffectorMemory,standard,10,0.0,0.2,0.2
CD8,CD8.c04.Tm.CD52,CD8_EffectorMemory,filter_only,10,0.0,0.0,0.0
CD8,CD8.c04.Tm.CD52,CD8_EffectorMemory,regex_mask,10,0.0,0.0,0.0
CD8,CD8.c04.Tm.CD52,CD8_EffectorMemory,full_core,10,0.0,0.0,0.0
CD8,CD8.c04.Tm.CD52,CD8_EffectorMemory,standard,20,0.0,0.3,0.25
CD8,CD8.c04.Tm.CD52,CD8_EffectorMemory,filter_only,20,0.0,0.0,0.0
CD8,CD8.c04.Tm.CD52,CD8_EffectorMemory,regex_mask,20,0.0,0.0,0.0
CD8,CD8.c04.Tm.CD52,CD8_EffectorMemory,full_core,20,0.0,0.0,0.0
CD8,CD8.c04.Tm.CD52,CD8_EffectorMemory,standard,30,0.0,0.2,0.16666666666666666
CD8,CD8.c04.Tm.CD52,CD8_EffectorMemory,filter_only,30,0.0,0.03333333333333333,0.0
CD8,CD8.c04.Tm.CD52,CD8_EffectorMemory,regex_mask,30,0.0,0.0,0.0
CD8,CD8.c04.Tm.CD52,CD8_EffectorMemory,full_core,30,0.0,0.0,0.0
CD8,CD8.c04.Tm.CD52,CD8_EffectorMemory,standard,50,0.0,0.24,0.16
CD8,CD8.c04.Tm.CD52,CD8_EffectorMemory,filter_only,50,0.0,0.02,0.0
CD8,CD8.c04.Tm.CD52,CD8_EffectorMemory,regex_mask,50,0.0,0.0,0.0
CD8,CD8.c04.Tm.CD52,CD8_EffectorMemory,full_core,50,0.0,0.0,0.0
CD8,CD8.c05.Tem.CXCR5,CD8_EffectorMemory,standard,10,0.375,0.2,0.0
CD8,CD8.c05.Tem.CXCR5,CD8_EffectorMemory,filter_only,10,0.375,0.0,0.0
CD8,CD8.c05.Tem.CXCR5,CD8_EffectorMemory,regex_mask,10,0.375,0.0,0.0
CD8,CD8.c05.Tem.CXCR5,CD8_EffectorMemory,full_core,10,0.125,0.0,0.0
CD8,CD8.c05.Tem.CXCR5,CD8_EffectorMemory,standard,20,0.375,0.35,0.1
CD8,CD8.c05.Tem.CXCR5,CD8_EffectorMemory,filter_only,20,0.375,0.0,0.0
CD8,CD8.c05.Tem.CXCR5,CD8_EffectorMemory,regex_mask,20,0.375,0.0,0.0
CD8,CD8.c05.Tem.CXCR5,CD8_EffectorMemory,full_core,20,0.125,0.0,0.0
CD8,CD8.c05.Tem.CXCR5,CD8_EffectorMemory,standard,30,0.375,0.26666666666666666,0.06666666666666667
CD8,CD8.c05.Tem.CXCR5,CD8_EffectorMemory,filter_only,30,0.375,0.03333333333333333,0.0
CD8,CD8.c05.Tem.CXCR5,CD8_EffectorMemory,regex_mask,30,0.375,0.0,0.0
CD8,CD8.c05.Tem.CXCR5,CD8_EffectorMemory,full_core,30,0.125,0.0,0.0
CD8,CD8.c05.Tem.CXCR5,CD8_EffectorMemory,standard,50,0.375,0.28,0.04
CD8,CD8.c05.Tem.CXCR5,CD8_EffectorMemory,filter_only,50,0.375,0.04,0.0
CD8,CD8.c05.Tem.CXCR5,CD8_EffectorMemory,regex_mask,50,0.375,0.0,0.0
CD8,CD8.c05.Tem.CXCR5,CD8_EffectorMemory,full_core,50,0.125,0.0,0.0
CD8,CD8.c06.Tem.GZMK,CD8_EffectorMemory,standard,10,0.125,0.0,0.0
CD8,CD8.c06.Tem.GZMK,CD8_EffectorMemory,filter_only,10,0.125,0.0,0.0
CD8,CD8.c06.Tem.GZMK,CD8_EffectorMemory,regex_mask,10,0.125,0.0,0.0
CD8,CD8.c06.Tem.GZMK,CD8_EffectorMemory,full_core,10,0.125,0.0,0.0
CD8,CD8.c06.Tem.GZMK,CD8_EffectorMemory,standard,20,0.25,0.1,0.05
CD8,CD8.c06.Tem.GZMK,CD8_EffectorMemory,filter_only,20,0.25,0.05,0.05
CD8,CD8.c06.Tem.GZMK,CD8_EffectorMemory,regex_mask,20,0.25,0.05,0.05
CD8,CD8.c06.Tem.GZMK,CD8_EffectorMemory,full_core,20,0.125,0.0,0.0
CD8,CD8.c06.Tem.GZMK,CD8_EffectorMemory,standard,30,0.25,0.06666666666666667,0.03333333333333333
CD8,CD8.c06.Tem.GZMK,CD8_EffectorMemory,filter_only,30,0.25,0.03333333333333333,0.03333333333333333
CD8,CD8.c06.Tem.GZMK,CD8_EffectorMemory,regex_mask,30,0.25,0.03333333333333333,0.03333333333333333
CD8,CD8.c06.Tem.GZMK,CD8_EffectorMemory,full_core,30,0.25,0.0,0.0
CD8,CD8.c06.Tem.GZMK,CD8_EffectorMemory,standard,50,0.375,0.1,0.06
CD8,CD8.c06.Tem.GZMK,CD8_EffectorMemory,filter_only,50,0.5,0.04,0.04
CD8,CD8.c06.Tem.GZMK,CD8_EffectorMemory,regex_mask,50,0.5,0.04,0.04
CD8,CD8.c06.Tem.GZMK,CD8_EffectorMemory,full_core,50,0.25,0.0,0.0
CD8,CD8.c07.Temra.CX3CR1,CD8_Effector,standard,10,0.625,0.0,0.0
CD8,CD8.c07.Temra.CX3CR1,CD8_Effector,filter_only,10,0.625,0.0,0.0
CD8,CD8.c07.Temra.CX3CR1,CD8_Effector,regex_mask,10,0.625,0.0,0.0
CD8,CD8.c07.Temra.CX3CR1,CD8_Effector,full_core,10,0.625,0.0,0.0
CD8,CD8.c07.Temra.CX3CR1,CD8_Effector,standard,20,0.625,0.15,0.05
CD8,CD8.c07.Temra.CX3CR1,CD8_Effector,filter_only,20,0.625,0.0,0.0
CD8,CD8.c07.Temra.CX3CR1,CD8_Effector,regex_mask,20,0.625,0.0,0.0
CD8,CD8.c07.Temra.CX3CR1,CD8_Effector,full_core,20,0.75,0.0,0.0
CD8,CD8.c07.Temra.CX3CR1,CD8_Effector,standard,30,0.75,0.16666666666666666,0.03333333333333333
CD8,CD8.c07.Temra.CX3CR1,CD8_Effector,filter_only,30,0.75,0.0,0.0
CD8,CD8.c07.Temra.CX3CR1,CD8_Effector,regex_mask,30,0.75,0.0,0.0
CD8,CD8.c07.Temra.CX3CR1,CD8_Effector,full_core,30,0.875,0.0,0.0
CD8,CD8.c07.Temra.CX3CR1,CD8_Effector,standard,50,0.75,0.16,0.04
CD8,CD8.c07.Temra.CX3CR1,CD8_Effector,filter_only,50,0.75,0.0,0.0
CD8,CD8.c07.Temra.CX3CR1,CD8_Effector,regex_mask,50,0.75,0.0,0.0
CD8,CD8.c07.Temra.CX3CR1,CD8_Effector,full_core,50,0.875,0.0,0.0
CD8,CD8.c08.Tk.TYROBP,CD8_Effector,standard,10,0.25,0.0,0.0
CD8,CD8.c08.Tk.TYROBP,CD8_Effector,filter_only,10,0.25,0.0,0.0
CD8,CD8.c08.Tk.TYROBP,CD8_Effector,regex_mask,10,0.25,0.0,0.0
CD8,CD8.c08.Tk.TYROBP,CD8_Effector,full_core,10,0.375,0.0,0.0
CD8,CD8.c08.Tk.TYROBP,CD8_Effector,standard,20,0.25,0.25,0.0
CD8,CD8.c08.Tk.TYROBP,CD8_Effector,filter_only,20,0.375,0.05,0.0
CD8,CD8.c08.Tk.TYROBP,CD8_Effector,regex_mask,20,0.375,0.0,0.0
CD8,CD8.c08.Tk.TYROBP,CD8_Effector,full_core,20,0.5,0.0,0.0
CD8,CD8.c08.Tk.TYROBP,CD8_Effector,standard,30,0.375,0.26666666666666666,0.0
CD8,CD8.c08.Tk.TYROBP,CD8_Effector,filter_only,30,0.375,0.13333333333333333,0.0
CD8,CD8.c08.Tk.TYROBP,CD8_Effector,regex_mask,30,0.375,0.0,0.0
CD8,CD8.c08.Tk.TYROBP,CD8_Effector,full_core,30,0.5,0.0,0.0
CD8,CD8.c08.Tk.TYROBP,CD8_Effector,standard,50,0.375,0.34,0.0
CD8,CD8.c08.Tk.TYROBP,CD8_Effector,filter_only,50,0.375,0.18,0.0
CD8,CD8.c08.Tk.TYROBP,CD8_Effector,regex_mask,50,0.375,0.0,0.0
CD8,CD8.c08.Tk.TYROBP,CD8_Effector,full_core,50,0.625,0.0,0.0
CD8,CD8.c09.Tk.KIR2DL4,CD8_Effector,standard,10,0.0,0.0,0.0
CD8,CD8.c09.Tk.KIR2DL4,CD8_Effector,filter_only,10,0.0,0.0,0.0
CD8,CD8.c09.Tk.KIR2DL4,CD8_Effector,regex_mask,10,0.0,0.0,0.0
CD8,CD8.c09.Tk.KIR2DL4,CD8_Effector,full_core,10,0.125,0.0,0.0
CD8,CD8.c09.Tk.KIR2DL4,CD8_Effector,standard,20,0.125,0.05,0.05
CD8,CD8.c09.Tk.KIR2DL4,CD8_Effector,filter_only,20,0.125,0.0,0.0
CD8,CD8.c09.Tk.KIR2DL4,CD8_Effector,regex_mask,20,0.125,0.0,0.0
CD8,CD8.c09.Tk.KIR2DL4,CD8_Effector,full_core,20,0.125,0.0,0.0
CD8,CD8.c09.Tk.KIR2DL4,CD8_Effector,standard,30,0.125,0.1,0.03333333333333333
CD8,CD8.c09.Tk.KIR2DL4,CD8_Effector,filter_only,30,0.125,0.06666666666666667,0.0
CD8,CD8.c09.Tk.KIR2DL4,CD8_Effector,regex_mask,30,0.125,0.0,0.0
CD8,CD8.c09.Tk.KIR2DL4,CD8_Effector,full_core,30,0.25,0.0,0.0
CD8,CD8.c09.Tk.KIR2DL4,CD8_Effector,standard,50,0.125,0.08,0.02
CD8,CD8.c09.Tk.KIR2DL4,CD8_Effector,filter_only,50,0.125,0.06,0.0
CD8,CD8.c09.Tk.KIR2DL4,CD8_Effector,regex_mask,50,0.125,0.0,0.0
CD8,CD8.c09.Tk.KIR2DL4,CD8_Effector,full_core,50,0.25,0.0,0.0
CD8,CD8.c10.Trm.ZNF683,CD8_EffectorMemory,standard,10,0.125,0.3,0.3
CD8,CD8.c10.Trm.ZNF683,CD8_EffectorMemory,filter_only,10,0.25,0.1,0.1
CD8,CD8.c10.Trm.ZNF683,CD8_EffectorMemory,regex_mask,10,0.25,0.1,0.1
CD8,CD8.c10.Trm.ZNF683,CD8_EffectorMemory,full_core,10,0.125,0.0,0.0
CD8,CD8.c10.Trm.ZNF683,CD8_EffectorMemory,standard,20,0.25,0.2,0.2
CD8,CD8.c10.Trm.ZNF683,CD8_EffectorMemory,filter_only,20,0.25,0.05,0.05
CD8,CD8.c10.Trm.ZNF683,CD8_EffectorMemory,regex_mask,20,0.25,0.05,0.05
CD8,CD8.c10.Trm.ZNF683,CD8_EffectorMemory,full_core,20,0.125,0.0,0.0
CD8,CD8.c10.Trm.ZNF683,CD8_EffectorMemory,standard,30,0.375,0.16666666666666666,0.16666666666666666
CD8,CD8.c10.Trm.ZNF683,CD8_EffectorMemory,filter_only,30,0.375,0.06666666666666667,0.06666666666666667
CD8,CD8.c10.Trm.ZNF683,CD8_EffectorMemory,regex_mask,30,0.375,0.06666666666666667,0.06666666666666667
CD8,CD8.c10.Trm.ZNF683,CD8_EffectorMemory,full_core,30,0.125,0.0,0.0
CD8,CD8.c10.Trm.ZNF683,CD8_EffectorMemory,standard,50,0.375,0.12,0.12
CD8,CD8.c10.Trm.ZNF683,CD8_EffectorMemory,filter_only,50,0.375,0.04,0.04
CD8,CD8.c10.Trm.ZNF683,CD8_EffectorMemory,regex_mask,50,0.375,0.04,0.04
CD8,CD8.c10.Trm.ZNF683,CD8_EffectorMemory,full_core,50,0.125,0.02,0.02
CD8,CD8.c11.Tex.PDCD1,CD8_Exhausted,standard,10,0.125,0.0,0.0
CD8,CD8.c11.Tex.PDCD1,CD8_Exhausted,filter_only,10,0.125,0.0,0.0
CD8,CD8.c11.Tex.PDCD1,CD8_Exhausted,regex_mask,10,0.125,0.0,0.0
CD8,CD8.c11.Tex.PDCD1,CD8_Exhausted,full_core,10,0.125,0.0,0.0
CD8,CD8.c11.Tex.PDCD1,CD8_Exhausted,standard,20,0.25,0.05,0.0
CD8,CD8.c11.Tex.PDCD1,CD8_Exhausted,filter_only,20,0.25,0.0,0.0
CD8,CD8.c11.Tex.PDCD1,CD8_Exhausted,regex_mask,20,0.25,0.0,0.0
CD8,CD8.c11.Tex.PDCD1,CD8_Exhausted,full_core,20,0.375,0.0,0.0
CD8,CD8.c11.Tex.PDCD1,CD8_Exhausted,standard,30,0.5,0.06666666666666667,0.0
CD8,CD8.c11.Tex.PDCD1,CD8_Exhausted,filter_only,30,0.5,0.03333333333333333,0.0
CD8,CD8.c11.Tex.PDCD1,CD8_Exhausted,regex_mask,30,0.5,0.0,0.0
CD8,CD8.c11.Tex.PDCD1,CD8_Exhausted,full_core,30,0.5,0.0,0.0
CD8,CD8.c11.Tex.PDCD1,CD8_Exhausted,standard,50,0.625,0.06,0.0
CD8,CD8.c11.Tex.PDCD1,CD8_Exhausted,filter_only,50,0.625,0.04,0.0
CD8,CD8.c11.Tex.PDCD1,CD8_Exhausted,regex_mask,50,0.625,0.0,0.0
CD8,CD8.c11.Tex.PDCD1,CD8_Exhausted,full_core,50,0.75,0.0,0.0
CD8,CD8.c12.Tex.CXCL13,CD8_Exhausted,standard,10,0.75,0.0,0.0
CD8,CD8.c12.Tex.CXCL13,CD8_Exhausted,filter_only,10,0.75,0.0,0.0
CD8,CD8.c12.Tex.CXCL13,CD8_Exhausted,regex_mask,10,0.75,0.0,0.0
CD8,CD8.c12.Tex.CXCL13,CD8_Exhausted,full_core,10,0.75,0.0,0.0
CD8,CD8.c12.Tex.CXCL13,CD8_Exhausted,standard,20,0.75,0.0,0.0
CD8,CD8.c12.Tex.CXCL13,CD8_Exhausted,filter_only,20,0.75,0.0,0.0
CD8,CD8.c12.Tex.CXCL13,CD8_Exhausted,regex_mask,20,0.75,0.0,0.0
CD8,CD8.c12.Tex.CXCL13,CD8_Exhausted,full_core,20,0.75,0.0,0.0
CD8,CD8.c12.Tex.CXCL13,CD8_Exhausted,standard,30,0.875,0.0,0.0
CD8,CD8.c12.Tex.CXCL13,CD8_Exhausted,filter_only,30,0.875,0.0,0.0
CD8,CD8.c12.Tex.CXCL13,CD8_Exhausted,regex_mask,30,0.875,0.0,0.0
CD8,CD8.c12.Tex.CXCL13,CD8_Exhausted,full_core,30,0.875,0.0,0.0
CD8,CD8.c12.Tex.CXCL13,CD8_Exhausted,standard,50,0.875,0.02,0.0
CD8,CD8.c12.Tex.CXCL13,CD8_Exhausted,filter_only,50,0.875,0.0,0.0
CD8,CD8.c12.Tex.CXCL13,CD8_Exhausted,regex_mask,50,0.875,0.0,0.0
CD8,CD8.c12.Tex.CXCL13,CD8_Exhausted,full_core,50,1.0,0.0,0.0
CD8,CD8.c13.Tex.myl12a,CD8_Exhausted,standard,10,0.5,0.0,0.0
CD8,CD8.c13.Tex.myl12a,CD8_Exhausted,filter_only,10,0.5,0.0,0.0
CD8,CD8.c13.Tex.myl12a,CD8_Exhausted,regex_mask,10,0.5,0.0,0.0
CD8,CD8.c13.Tex.myl12a,CD8_Exhausted,full_core,10,0.5,0.0,0.0
CD8,CD8.c13.Tex.myl12a,CD8_Exhausted,standard,20,0.5,0.0,0.0
CD8,CD8.c13.Tex.myl12a,CD8_Exhausted,filter_only,20,0.5,0.05,0.0
CD8,CD8.c13.Tex.myl12a,CD8_Exhausted,regex_mask,20,0.5,0.0,0.0
CD8,CD8.c13.Tex.myl12a,CD8_Exhausted,full_core,20,0.75,0.0,0.0
CD8,CD8.c13.Tex.myl12a,CD8_Exhausted,standard,30,0.75,0.03333333333333333,0.0
CD8,CD8.c13.Tex.myl12a,CD8_Exhausted,filter_only,30,0.75,0.03333333333333333,0.0
CD8,CD8.c13.Tex.myl12a,CD8_Exhausted,regex_mask,30,0.75,0.0,0.0
CD8,CD8.c13.Tex.myl12a,CD8_Exhausted,full_core,30,0.875,0.0,0.0
CD8,CD8.c13.Tex.myl12a,CD8_Exhausted,standard,50,0.875,0.04,0.0
CD8,CD8.c13.Tex.myl12a,CD8_Exhausted,filter_only,50,0.875,0.02,0.0
CD8,CD8.c13.Tex.myl12a,CD8_Exhausted,regex_mask,50,0.875,0.0,0.0
CD8,CD8.c13.Tex.myl12a,CD8_Exhausted,full_core,50,0.875,0.0,0.0
CD8,CD8.c14.Tex.TCF7,CD8_Exhausted,standard,10,0.25,0.0,0.0
CD8,CD8.c14.Tex.TCF7,CD8_Exhausted,filter_only,10,0.25,0.0,0.0
CD8,CD8.c14.Tex.TCF7,CD8_Exhausted,regex_mask,10,0.25,0.0,0.0
CD8,CD8.c14.Tex.TCF7,CD8_Exhausted,full_core,10,0.375,0.0,0.0
CD8,CD8.c14.Tex.TCF7,CD8_Exhausted,standard,20,0.5,0.1,0.0
CD8,CD8.c14.Tex.TCF7,CD8_Exhausted,filter_only,20,0.625,0.0,0.0
CD8,CD8.c14.Tex.TCF7,CD8_Exhausted,regex_mask,20,0.625,0.0,0.0
CD8,CD8.c14.Tex.TCF7,CD8_Exhausted,full_core,20,0.625,0.0,0.0
CD8,CD8.c14.Tex.TCF7,CD8_Exhausted,standard,30,0.625,0.2,0.03333333333333333
CD8,CD8.c14.Tex.TCF7,CD8_Exhausted,filter_only,30,0.625,0.0,0.0
CD8,CD8.c14.Tex.TCF7,CD8_Exhausted,regex_mask,30,0.625,0.0,0.0
CD8,CD8.c14.Tex.TCF7,CD8_Exhausted,full_core,30,0.625,0.0,0.0
CD8,CD8.c14.Tex.TCF7,CD8_Exhausted,standard,50,0.625,0.2,0.02
CD8,CD8.c14.Tex.TCF7,CD8_Exhausted,filter_only,50,0.625,0.06,0.0
CD8,CD8.c14.Tex.TCF7,CD8_Exhausted,regex_mask,50,0.75,0.0,0.0
CD8,CD8.c14.Tex.TCF7,CD8_Exhausted,full_core,50,0.875,0.0,0.0
CD8,CD8.c15.ISG.IFIT1,CD8_ISG,standard,10,0.6666666666666666,0.0,0.0
CD8,CD8.c15.ISG.IFIT1,CD8_ISG,filter_only,10,0.6666666666666666,0.0,0.0
CD8,CD8.c15.ISG.IFIT1,CD8_ISG,regex_mask,10,0.6666666666666666,0.0,0.0
CD8,CD8.c15.ISG.IFIT1,CD8_ISG,full_core,10,0.8333333333333334,0.0,0.0
CD8,CD8.c15.ISG.IFIT1,CD8_ISG,standard,20,1.0,0.05,0.0
CD8,CD8.c15.ISG.IFIT1,CD8_ISG,filter_only,20,1.0,0.05,0.0
CD8,CD8.c15.ISG.IFIT1,CD8_ISG,regex_mask,20,1.0,0.0,0.0
CD8,CD8.c15.ISG.IFIT1,CD8_ISG,full_core,20,1.0,0.0,0.0
CD8,CD8.c15.ISG.IFIT1,CD8_ISG,standard,30,1.0,0.03333333333333333,0.0
CD8,CD8.c15.ISG.IFIT1,CD8_ISG,filter_only,30,1.0,0.03333333333333333,0.0
CD8,CD8.c15.ISG.IFIT1,CD8_ISG,regex_mask,30,1.0,0.0,0.0
CD8,CD8.c15.ISG.IFIT1,CD8_ISG,full_core,30,1.0,0.0,0.0
CD8,CD8.c15.ISG.IFIT1,CD8_ISG,standard,50,1.0,0.02,0.0
CD8,CD8.c15.ISG.IFIT1,CD8_ISG,filter_only,50,1.0,0.02,0.0
CD8,CD8.c15.ISG.IFIT1,CD8_ISG,regex_mask,50,1.0,0.0,0.0
CD8,CD8.c15.ISG.IFIT1,CD8_ISG,full_core,50,1.0,0.0,0.0
CD8,CD8.c16.MAIT.SLC4A10,CD8_MAIT,standard,10,0.3333333333333333,0.3,0.0
CD8,CD8.c16.MAIT.SLC4A10,CD8_MAIT,filter_only,10,0.6666666666666666,0.0,0.0
CD8,CD8.c16.MAIT.SLC4A10,CD8_MAIT,regex_mask,10,0.6666666666666666,0.0,0.0
CD8,CD8.c16.MAIT.SLC4A10,CD8_MAIT,full_core,10,0.6666666666666666,0.0,0.0
CD8,CD8.c16.MAIT.SLC4A10,CD8_MAIT,standard,20,0.6666666666666666,0.25,0.0
CD8,CD8.c16.MAIT.SLC4A10,CD8_MAIT,filter_only,20,0.6666666666666666,0.05,0.0
CD8,CD8.c16.MAIT.SLC4A10,CD8_MAIT,regex_mask,20,0.6666666666666666,0.0,0.0
CD8,CD8.c16.MAIT.SLC4A10,CD8_MAIT,full_core,20,1.0,0.0,0.0
CD8,CD8.c16.MAIT.SLC4A10,CD8_MAIT,standard,30,0.6666666666666666,0.2,0.03333333333333333
CD8,CD8.c16.MAIT.SLC4A10,CD8_MAIT,filter_only,30,0.6666666666666666,0.03333333333333333,0.0
CD8,CD8.c16.MAIT.SLC4A10,CD8_MAIT,regex_mask,30,0.6666666666666666,0.0,0.0
CD8,CD8.c16.MAIT.SLC4A10,CD8_MAIT,full_core,30,1.0,0.0,0.0
CD8,CD8.c16.MAIT.SLC4A10,CD8_MAIT,standard,50,1.0,0.18,0.02
CD8,CD8.c16.MAIT.SLC4A10,CD8_MAIT,filter_only,50,1.0,0.06,0.0
CD8,CD8.c16.MAIT.SLC4A10,CD8_MAIT,regex_mask,50,1.0,0.0,0.0
CD8,CD8.c16.MAIT.SLC4A10,CD8_MAIT,full_core,50,1.0,0.0,0.0
CD8,CD8.c17.Tm.NME1,CD8_EffectorMemory,standard,10,0.0,0.2,0.2
CD8,CD8.c17.Tm.NME1,CD8_EffectorMemory,filter_only,10,0.0,0.1,0.1
CD8,CD8.c17.Tm.NME1,CD8_EffectorMemory,regex_mask,10,0.0,0.1,0.1
CD8,CD8.c17.Tm.NME1,CD8_EffectorMemory,full_core,10,0.0,0.0,0.0
CD8,CD8.c17.Tm.NME1,CD8_EffectorMemory,standard,20,0.0,0.2,0.15
CD8,CD8.c17.Tm.NME1,CD8_EffectorMemory,filter_only,20,0.0,0.05,0.05
CD8,CD8.c17.Tm.NME1,CD8_EffectorMemory,regex_mask,20,0.0,0.05,0.05
CD8,CD8.c17.Tm.NME1,CD8_EffectorMemory,full_core,20,0.0,0.0,0.0
CD8,CD8.c17.Tm.NME1,CD8_EffectorMemory,standard,30,0.0,0.16666666666666666,0.1
CD8,CD8.c17.Tm.NME1,CD8_EffectorMemory,filter_only,30,0.0,0.06666666666666667,0.03333333333333333
CD8,CD8.c17.Tm.NME1,CD8_EffectorMemory,regex_mask,30,0.0,0.03333333333333333,0.03333333333333333
CD8,CD8.c17.Tm.NME1,CD8_EffectorMemory,full_core,30,0.0,0.0,0.0
CD8,CD8.c17.Tm.NME1,CD8_EffectorMemory,standard,50,0.0,0.18,0.08
CD8,CD8.c17.Tm.NME1,CD8_EffectorMemory,filter_only,50,0.0,0.12,0.02
CD8,CD8.c17.Tm.NME1,CD8_EffectorMemory,regex_mask,50,0.0,0.02,0.02
CD8,CD8.c17.Tm.NME1,CD8_EffectorMemory,full_core,50,0.0,0.0,0.0
CD4,CD4.c01.Tn.TCF7,CD4_Tn.Naive,standard,10,0.0,1.0,0.0
CD4,CD4.c01.Tn.TCF7,CD4_Tn.Naive,filter_only,10,0.875,0.0,0.0
CD4,CD4.c01.Tn.TCF7,CD4_Tn.Naive,regex_mask,10,0.875,0.0,0.0
CD4,CD4.c01.Tn.TCF7,CD4_Tn.Naive,full_core,10,0.75,0.0,0.0
CD4,CD4.c01.Tn.TCF7,CD4_Tn.Naive,standard,20,0.0,1.0,0.0
CD4,CD4.c01.Tn.TCF7,CD4_Tn.Naive,filter_only,20,1.0,0.05,0.0
CD4,CD4.c01.Tn.TCF7,CD4_Tn.Naive,regex_mask,20,1.0,0.0,0.0
CD4,CD4.c01.Tn.TCF7,CD4_Tn.Naive,full_core,20,0.75,0.0,0.0
CD4,CD4.c01.Tn.TCF7,CD4_Tn.Naive,standard,30,0.0,1.0,0.0
CD4,CD4.c01.Tn.TCF7,CD4_Tn.Naive,filter_only,30,1.0,0.03333333333333333,0.0
CD4,CD4.c01.Tn.TCF7,CD4_Tn.Naive,regex_mask,30,1.0,0.0,0.0
CD4,CD4.c01.Tn.TCF7,CD4_Tn.Naive,full_core,30,0.75,0.0,0.0
CD4,CD4.c01.Tn.TCF7,CD4_Tn.Naive,standard,50,0.0,1.0,0.04
CD4,CD4.c01.Tn.TCF7,CD4_Tn.Naive,filter_only,50,1.0,0.02,0.0
CD4,CD4.c01.Tn.TCF7,CD4_Tn.Naive,regex_mask,50,1.0,0.0,0.0
CD4,CD4.c01.Tn.TCF7,CD4_Tn.Naive,full_core,50,0.75,0.0,0.0
CD4,CD4.c02.Tn.PASK,CD4_Tn.Naive,standard,10,0.125,0.2,0.0
CD4,CD4.c02.Tn.PASK,CD4_Tn.Naive,filter_only,10,0.125,0.1,0.0
CD4,CD4.c02.Tn.PASK,CD4_Tn.Naive,regex_mask,10,0.125,0.0,0.0
CD4,CD4.c02.Tn.PASK,CD4_Tn.Naive,full_core,10,0.375,0.0,0.0
CD4,CD4.c02.Tn.PASK,CD4_Tn.Naive,standard,20,0.125,0.3,0.0
CD4,CD4.c02.Tn.PASK,CD4_Tn.Naive,filter_only,20,0.125,0.15,0.0
CD4,CD4.c02.Tn.PASK,CD4_Tn.Naive,regex_mask,20,0.125,0.0,0.0
CD4,CD4.c02.Tn.PASK,CD4_Tn.Naive,full_core,20,0.375,0.0,0.0
CD4,CD4.c02.Tn.PASK,CD4_Tn.Naive,standard,30,0.125,0.4,0.06666666666666667
CD4,CD4.c02.Tn.PASK,CD4_Tn.Naive,filter_only,30,0.25,0.16666666666666666,0.0
CD4,CD4.c02.Tn.PASK,CD4_Tn.Naive,regex_mask,30,0.25,0.0,0.0
CD4,CD4.c02.Tn.PASK,CD4_Tn.Naive,full_core,30,0.5,0.0,0.0
CD4,CD4.c02.Tn.PASK,CD4_Tn.Naive,standard,50,0.25,0.36,0.04
CD4,CD4.c02.Tn.PASK,CD4_Tn.Naive,filter_only,50,0.375,0.14,0.0
CD4,CD4.c02.Tn.PASK,CD4_Tn.Naive,regex_mask,50,0.375,0.0,0.0
CD4,CD4.c02.Tn.PASK,CD4_Tn.Naive,full_core,50,0.625,0.0,0.0
CD4,CD4.c03.Tn.ADSL,CD4_Tn.Naive,standard,10,0.375,0.7,0.0
CD4,CD4.c03.Tn.ADSL,CD4_Tn.Naive,filter_only,10,0.5,0.5,0.0
CD4,CD4.c03.Tn.ADSL,CD4_Tn.Naive,regex_mask,10,0.625,0.0,0.0
CD4,CD4.c03.Tn.ADSL,CD4_Tn.Naive,full_core,10,0.5,0.0,0.0
CD4,CD4.c03.Tn.ADSL,CD4_Tn.Naive,standard,20,0.5,0.75,0.0
CD4,CD4.c03.Tn.ADSL,CD4_Tn.Naive,filter_only,20,0.625,0.35,0.0
CD4,CD4.c03.Tn.ADSL,CD4_Tn.Naive,regex_mask,20,0.625,0.0,0.0
CD4,CD4.c03.Tn.ADSL,CD4_Tn.Naive,full_core,20,0.5,0.0,0.0
CD4,CD4.c03.Tn.ADSL,CD4_Tn.Naive,standard,30,0.5,0.8333333333333334,0.03333333333333333
CD4,CD4.c03.Tn.ADSL,CD4_Tn.Naive,filter_only,30,0.625,0.26666666666666666,0.0
CD4,CD4.c03.Tn.ADSL,CD4_Tn.Naive,regex_mask,30,0.625,0.0,0.0
CD4,CD4.c03.Tn.ADSL,CD4_Tn.Naive,full_core,30,0.5,0.0,0.0
CD4,CD4.c03.Tn.ADSL,CD4_Tn.Naive,standard,50,0.625,0.82,0.02
CD4,CD4.c03.Tn.ADSL,CD4_Tn.Naive,filter_only,50,0.625,0.26,0.02
CD4,CD4.c03.Tn.ADSL,CD4_Tn.Naive,regex_mask,50,0.75,0.02,0.02
CD4,CD4.c03.Tn.ADSL,CD4_Tn.Naive,full_core,50,0.625,0.0,0.0
CD4,CD4.c04.Tn.il7r,CD4_Tn.Naive,standard,10,0.0,0.8,0.0
CD4,CD4.c04.Tn.il7r,CD4_Tn.Naive,filter_only,10,0.0,0.7,0.0
CD4,CD4.c04.Tn.il7r,CD4_Tn.Naive,regex_mask,10,0.0,0.0,0.0
CD4,CD4.c04.Tn.il7r,CD4_Tn.Naive,full_core,10,0.0,0.0,0.0
CD4,CD4.c04.Tn.il7r,CD4_Tn.Naive,standard,20,0.0,0.9,0.0
CD4,CD4.c04.Tn.il7r,CD4_Tn.Naive,filter_only,20,0.0,0.65,0.0
CD4,CD4.c04.Tn.il7r,CD4_Tn.Naive,regex_mask,20,0.0,0.0,0.0
CD4,CD4.c04.Tn.il7r,CD4_Tn.Naive,full_core,20,0.0,0.0,0.0
CD4,CD4.c04.Tn.il7r,CD4_Tn.Naive,standard,30,0.0,0.9,0.03333333333333333
CD4,CD4.c04.Tn.il7r,CD4_Tn.Naive,filter_only,30,0.0,0.5,0.0
CD4,CD4.c04.Tn.il7r,CD4_Tn.Naive,regex_mask,30,0.0,0.0,0.0
CD4,CD4.c04.Tn.il7r,CD4_Tn.Naive,full_core,30,0.0,0.0,0.0
CD4,CD4.c04.Tn.il7r,CD4_Tn.Naive,standard,50,0.0,0.74,0.02
CD4,CD4.c04.Tn.il7r,CD4_Tn.Naive,filter_only,50,0.0,0.4,0.0
CD4,CD4.c04.Tn.il7r,CD4_Tn.Naive,regex_mask,50,0.0,0.0,0.0
CD4,CD4.c04.Tn.il7r,CD4_Tn.Naive,full_core,50,0.0,0.0,0.0
CD4,CD4.c05.Tm.TNF,CD4_Tm.EffMem,standard,10,0.0,0.5,0.1
CD4,CD4.c05.Tm.TNF,CD4_Tm.EffMem,filter_only,10,0.0,0.3,0.0
CD4,CD4.c05.Tm.TNF,CD4_Tm.EffMem,regex_mask,10,0.0,0.0,0.0
CD4,CD4.c05.Tm.TNF,CD4_Tm.EffMem,full_core,10,0.0,0.0,0.0
CD4,CD4.c05.Tm.TNF,CD4_Tm.EffMem,standard,20,0.0,0.55,0.1
CD4,CD4.c05.Tm.TNF,CD4_Tm.EffMem,filter_only,20,0.0,0.15,0.0
CD4,CD4.c05.Tm.TNF,CD4_Tm.EffMem,regex_mask,20,0.0,0.0,0.0
CD4,CD4.c05.Tm.TNF,CD4_Tm.EffMem,full_core,20,0.0,0.0,0.0
CD4,CD4.c05.Tm.TNF,CD4_Tm.EffMem,standard,30,0.0,0.43333333333333335,0.1
CD4,CD4.c05.Tm.TNF,CD4_Tm.EffMem,filter_only,30,0.0,0.13333333333333333,0.0
CD4,CD4.c05.Tm.TNF,CD4_Tm.EffMem,regex_mask,30,0.16666666666666666,0.0,0.0
CD4,CD4.c05.Tm.TNF,CD4_Tm.EffMem,full_core,30,0.16666666666666666,0.0,0.0
CD4,CD4.c05.Tm.TNF,CD4_Tm.EffMem,standard,50,0.0,0.3,0.06
CD4,CD4.c05.Tm.TNF,CD4_Tm.EffMem,filter_only,50,0.16666666666666666,0.1,0.0
CD4,CD4.c05.Tm.TNF,CD4_Tm.EffMem,regex_mask,50,0.16666666666666666,0.0,0.0
CD4,CD4.c05.Tm.TNF,CD4_Tm.EffMem,full_core,50,0.16666666666666666,0.0,0.0
CD4,CD4.c06.Tm.ANXA1,CD4_Tm.EffMem,standard,10,0.0,1.0,0.0
CD4,CD4.c06.Tm.ANXA1,CD4_Tm.EffMem,filter_only,10,0.3333333333333333,0.2,0.0
CD4,CD4.c06.Tm.ANXA1,CD4_Tm.EffMem,regex_mask,10,0.3333333333333333,0.0,0.0
CD4,CD4.c06.Tm.ANXA1,CD4_Tm.EffMem,full_core,10,0.3333333333333333,0.0,0.0
CD4,CD4.c06.Tm.ANXA1,CD4_Tm.EffMem,standard,20,0.0,0.95,0.0
CD4,CD4.c06.Tm.ANXA1,CD4_Tm.EffMem,filter_only,20,0.3333333333333333,0.3,0.0
CD4,CD4.c06.Tm.ANXA1,CD4_Tm.EffMem,regex_mask,20,0.3333333333333333,0.0,0.0
CD4,CD4.c06.Tm.ANXA1,CD4_Tm.EffMem,full_core,20,0.3333333333333333,0.0,0.0
CD4,CD4.c06.Tm.ANXA1,CD4_Tm.EffMem,standard,30,0.16666666666666666,0.9333333333333333,0.0
CD4,CD4.c06.Tm.ANXA1,CD4_Tm.EffMem,filter_only,30,0.3333333333333333,0.3333333333333333,0.0
CD4,CD4.c06.Tm.ANXA1,CD4_Tm.EffMem,regex_mask,30,0.5,0.0,0.0
CD4,CD4.c06.Tm.ANXA1,CD4_Tm.EffMem,full_core,30,0.5,0.0,0.0
CD4,CD4.c06.Tm.ANXA1,CD4_Tm.EffMem,standard,50,0.16666666666666666,0.9,0.02
CD4,CD4.c06.Tm.ANXA1,CD4_Tm.EffMem,filter_only,50,0.5,0.34,0.0
CD4,CD4.c06.Tm.ANXA1,CD4_Tm.EffMem,regex_mask,50,0.5,0.0,0.0
CD4,CD4.c06.Tm.ANXA1,CD4_Tm.EffMem,full_core,50,0.6666666666666666,0.0,0.0
CD4,CD4.c07.Tm.ANXA2,CD4_Tm.EffMem,standard,10,0.0,0.3,0.3
CD4,CD4.c07.Tm.ANXA2,CD4_Tm.EffMem,filter_only,10,0.0,0.1,0.1
CD4,CD4.c07.Tm.ANXA2,CD4_Tm.EffMem,regex_mask,10,0.0,0.1,0.1
CD4,CD4.c07.Tm.ANXA2,CD4_Tm.EffMem,full_core,10,0.0,0.0,0.0
CD4,CD4.c07.Tm.ANXA2,CD4_Tm.EffMem,standard,20,0.0,0.35,0.35
CD4,CD4.c07.Tm.ANXA2,CD4_Tm.EffMem,filter_only,20,0.0,0.1,0.1
CD4,CD4.c07.Tm.ANXA2,CD4_Tm.EffMem,regex_mask,20,0.0,0.1,0.1
CD4,CD4.c07.Tm.ANXA2,CD4_Tm.EffMem,full_core,20,0.16666666666666666,0.0,0.0
CD4,CD4.c07.Tm.ANXA2,CD4_Tm.EffMem,standard,30,0.0,0.3,0.3
CD4,CD4.c07.Tm.ANXA2,CD4_Tm.EffMem,filter_only,30,0.16666666666666666,0.06666666666666667,0.06666666666666667
CD4,CD4.c07.Tm.ANXA2,CD4_Tm.EffMem,regex_mask,30,0.16666666666666666,0.06666666666666667,0.06666666666666667
CD4,CD4.c07.Tm.ANXA2,CD4_Tm.EffMem,full_core,30,0.16666666666666666,0.0,0.0
CD4,CD4.c07.Tm.ANXA2,CD4_Tm.EffMem,standard,50,0.16666666666666666,0.2,0.2
CD4,CD4.c07.Tm.ANXA2,CD4_Tm.EffMem,filter_only,50,0.16666666666666666,0.04,0.04
CD4,CD4.c07.Tm.ANXA2,CD4_Tm.EffMem,regex_mask,50,0.16666666666666666,0.04,0.04
CD4,CD4.c07.Tm.ANXA2,CD4_Tm.EffMem,full_core,50,0.16666666666666666,0.0,0.0
CD4,CD4.c08.Tm.CREM,CD4_Tm.EffMem,standard,10,0.16666666666666666,0.1,0.1
CD4,CD4.c08.Tm.CREM,CD4_Tm.EffMem,filter_only,10,0.16666666666666666,0.0,0.0
CD4,CD4.c08.Tm.CREM,CD4_Tm.EffMem,regex_mask,10,0.16666666666666666,0.0,0.0
CD4,CD4.c08.Tm.CREM,CD4_Tm.EffMem,full_core,10,0.16666666666666666,0.0,0.0
CD4,CD4.c08.Tm.CREM,CD4_Tm.EffMem,standard,20,0.16666666666666666,0.15,0.15
CD4,CD4.c08.Tm.CREM,CD4_Tm.EffMem,filter_only,20,0.3333333333333333,0.0,0.0
CD4,CD4.c08.Tm.CREM,CD4_Tm.EffMem,regex_mask,20,0.3333333333333333,0.0,0.0
CD4,CD4.c08.Tm.CREM,CD4_Tm.EffMem,full_core,20,0.16666666666666666,0.0,0.0
CD4,CD4.c08.Tm.CREM,CD4_Tm.EffMem,standard,30,0.3333333333333333,0.13333333333333333,0.1
CD4,CD4.c08.Tm.CREM,CD4_Tm.EffMem,filter_only,30,0.3333333333333333,0.06666666666666667,0.0
CD4,CD4.c08.Tm.CREM,CD4_Tm.EffMem,regex_mask,30,0.3333333333333333,0.0,0.0
CD4,CD4.c08.Tm.CREM,CD4_Tm.EffMem,full_core,30,0.16666666666666666,0.0,0.0
CD4,CD4.c08.Tm.CREM,CD4_Tm.EffMem,standard,50,0.3333333333333333,0.18,0.06
CD4,CD4.c08.Tm.CREM,CD4_Tm.EffMem,filter_only,50,0.3333333333333333,0.14,0.0
CD4,CD4.c08.Tm.CREM,CD4_Tm.EffMem,regex_mask,50,0.3333333333333333,0.0,0.0
CD4,CD4.c08.Tm.CREM,CD4_Tm.EffMem,full_core,50,0.16666666666666666,0.0,0.0
CD4,CD4.c09.Tm.CCL5,CD4_Tm.EffMem,standard,10,0.16666666666666666,0.4,0.2
CD4,CD4.c09.Tm.CCL5,CD4_Tm.EffMem,filter_only,10,0.16666666666666666,0.1,0.0
CD4,CD4.c09.Tm.CCL5,CD4_Tm.EffMem,regex_mask,10,0.3333333333333333,0.0,0.0
CD4,CD4.c09.Tm.CCL5,CD4_Tm.EffMem,full_core,10,0.16666666666666666,0.0,0.0
CD4,CD4.c09.Tm.CCL5,CD4_Tm.EffMem,standard,20,0.3333333333333333,0.45,0.15
CD4,CD4.c09.Tm.CCL5,CD4_Tm.EffMem,filter_only,20,0.3333333333333333,0.1,0.0
CD4,CD4.c09.Tm.CCL5,CD4_Tm.EffMem,regex_mask,20,0.3333333333333333,0.0,0.0
CD4,CD4.c09.Tm.CCL5,CD4_Tm.EffMem,full_core,20,0.16666666666666666,0.0,0.0
CD4,CD4.c09.Tm.CCL5,CD4_Tm.EffMem,standard,30,0.3333333333333333,0.43333333333333335,0.1
CD4,CD4.c09.Tm.CCL5,CD4_Tm.EffMem,filter_only,30,0.3333333333333333,0.13333333333333333,0.0
CD4,CD4.c09.Tm.CCL5,CD4_Tm.EffMem,regex_mask,30,0.3333333333333333,0.0,0.0
CD4,CD4.c09.Tm.CCL5,CD4_Tm.EffMem,full_core,30,0.16666666666666666,0.0,0.0
CD4,CD4.c09.Tm.CCL5,CD4_Tm.EffMem,standard,50,0.3333333333333333,0.44,0.06
CD4,CD4.c09.Tm.CCL5,CD4_Tm.EffMem,filter_only,50,0.3333333333333333,0.1,0.0
CD4,CD4.c09.Tm.CCL5,CD4_Tm.EffMem,regex_mask,50,0.3333333333333333,0.0,0.0
CD4,CD4.c09.Tm.CCL5,CD4_Tm.EffMem,full_core,50,0.16666666666666666,0.0,0.0
CD4,CD4.c10.Tm.CAPG,CD4_Tm.EffMem,standard,10,0.0,0.5,0.5
CD4,CD4.c10.Tm.CAPG,CD4_Tm.EffMem,filter_only,10,0.0,0.1,0.1
CD4,CD4.c10.Tm.CAPG,CD4_Tm.EffMem,regex_mask,10,0.0,0.1,0.1
CD4,CD4.c10.Tm.CAPG,CD4_Tm.EffMem,full_core,10,0.16666666666666666,0.0,0.0
CD4,CD4.c10.Tm.CAPG,CD4_Tm.EffMem,standard,20,0.16666666666666666,0.3,0.3
CD4,CD4.c10.Tm.CAPG,CD4_Tm.EffMem,filter_only,20,0.16666666666666666,0.1,0.1
CD4,CD4.c10.Tm.CAPG,CD4_Tm.EffMem,regex_mask,20,0.16666666666666666,0.1,0.1
CD4,CD4.c10.Tm.CAPG,CD4_Tm.EffMem,full_core,20,0.16666666666666666,0.0,0.0
CD4,CD4.c10.Tm.CAPG,CD4_Tm.EffMem,standard,30,0.16666666666666666,0.23333333333333334,0.2
CD4,CD4.c10.Tm.CAPG,CD4_Tm.EffMem,filter_only,30,0.16666666666666666,0.06666666666666667,0.06666666666666667
CD4,CD4.c10.Tm.CAPG,CD4_Tm.EffMem,regex_mask,30,0.16666666666666666,0.06666666666666667,0.06666666666666667
CD4,CD4.c10.Tm.CAPG,CD4_Tm.EffMem,full_core,30,0.16666666666666666,0.0,0.0
CD4,CD4.c10.Tm.CAPG,CD4_Tm.EffMem,standard,50,0.16666666666666666,0.16,0.14
CD4,CD4.c10.Tm.CAPG,CD4_Tm.EffMem,filter_only,50,0.16666666666666666,0.04,0.04
CD4,CD4.c10.Tm.CAPG,CD4_Tm.EffMem,regex_mask,50,0.16666666666666666,0.04,0.04
CD4,CD4.c10.Tm.CAPG,CD4_Tm.EffMem,full_core,50,0.3333333333333333,0.0,0.0
CD4,CD4.c11.Tm.GZMA,CD4_Tm.EffMem,standard,10,0.0,0.2,0.2
CD4,CD4.c11.Tm.GZMA,CD4_Tm.EffMem,filter_only,10,0.16666666666666666,0.0,0.0
CD4,CD4.c11.Tm.GZMA,CD4_Tm.EffMem,regex_mask,10,0.16666666666666666,0.0,0.0
CD4,CD4.c11.Tm.GZMA,CD4_Tm.EffMem,full_core,10,0.16666666666666666,0.0,0.0
CD4,CD4.c11.Tm.GZMA,CD4_Tm.EffMem,standard,20,0.16666666666666666,0.1,0.1
CD4,CD4.c11.Tm.GZMA,CD4_Tm.EffMem,filter_only,20,0.16666666666666666,0.0,0.0
CD4,CD4.c11.Tm.GZMA,CD4_Tm.EffMem,regex_mask,20,0.16666666666666666,0.0,0.0
CD4,CD4.c11.Tm.GZMA,CD4_Tm.EffMem,full_core,20,0.16666666666666666,0.0,0.0
CD4,CD4.c11.Tm.GZMA,CD4_Tm.EffMem,standard,30,0.16666666666666666,0.1,0.1
CD4,CD4.c11.Tm.GZMA,CD4_Tm.EffMem,filter_only,30,0.16666666666666666,0.0,0.0
CD4,CD4.c11.Tm.GZMA,CD4_Tm.EffMem,regex_mask,30,0.16666666666666666,0.0,0.0
CD4,CD4.c11.Tm.GZMA,CD4_Tm.EffMem,full_core,30,0.16666666666666666,0.0,0.0
CD4,CD4.c11.Tm.GZMA,CD4_Tm.EffMem,standard,50,0.16666666666666666,0.1,0.1
CD4,CD4.c11.Tm.GZMA,CD4_Tm.EffMem,filter_only,50,0.16666666666666666,0.0,0.0
CD4,CD4.c11.Tm.GZMA,CD4_Tm.EffMem,regex_mask,50,0.16666666666666666,0.0,0.0
CD4,CD4.c11.Tm.GZMA,CD4_Tm.EffMem,full_core,50,0.16666666666666666,0.0,0.0
CD4,CD4.c12.Tem.GZMK,CD4_Tem.EffMem,standard,10,0.16666666666666666,0.0,0.0
CD4,CD4.c12.Tem.GZMK,CD4_Tem.EffMem,filter_only,10,0.16666666666666666,0.0,0.0
CD4,CD4.c12.Tem.GZMK,CD4_Tem.EffMem,regex_mask,10,0.16666666666666666,0.0,0.0
CD4,CD4.c12.Tem.GZMK,CD4_Tem.EffMem,full_core,10,0.16666666666666666,0.0,0.0
CD4,CD4.c12.Tem.GZMK,CD4_Tem.EffMem,standard,20,0.16666666666666666,0.1,0.0
CD4,CD4.c12.Tem.GZMK,CD4_Tem.EffMem,filter_only,20,0.16666666666666666,0.0,0.0
CD4,CD4.c12.Tem.GZMK,CD4_Tem.EffMem,regex_mask,20,0.16666666666666666,0.0,0.0
CD4,CD4.c12.Tem.GZMK,CD4_Tem.EffMem,full_core,20,0.16666666666666666,0.0,0.0
CD4,CD4.c12.Tem.GZMK,CD4_Tem.EffMem,standard,30,0.16666666666666666,0.06666666666666667,0.0
CD4,CD4.c12.Tem.GZMK,CD4_Tem.EffMem,filter_only,30,0.16666666666666666,0.0,0.0
CD4,CD4.c12.Tem.GZMK,CD4_Tem.EffMem,regex_mask,30,0.16666666666666666,0.0,0.0
CD4,CD4.c12.Tem.GZMK,CD4_Tem.EffMem,full_core,30,0.16666666666666666,0.0,0.0
CD4,CD4.c12.Tem.GZMK,CD4_Tem.EffMem,standard,50,0.16666666666666666,0.08,0.0
CD4,CD4.c12.Tem.GZMK,CD4_Tem.EffMem,filter_only,50,0.16666666666666666,0.0,0.0
CD4,CD4.c12.Tem.GZMK,CD4_Tem.EffMem,regex_mask,50,0.16666666666666666,0.0,0.0
CD4,CD4.c12.Tem.GZMK,CD4_Tem.EffMem,full_core,50,0.3333333333333333,0.0,0.0
CD4,CD4.c13.Temra.CX3CR1,CD4_Temra.EffMem,standard,10,0.8333333333333334,0.0,0.0
CD4,CD4.c13.Temra.CX3CR1,CD4_Temra.EffMem,filter_only,10,0.8333333333333334,0.0,0.0
CD4,CD4.c13.Temra.CX3CR1,CD4_Temra.EffMem,regex_mask,10,0.8333333333333334,0.0,0.0
CD4,CD4.c13.Temra.CX3CR1,CD4_Temra.EffMem,full_core,10,0.8333333333333334,0.0,0.0
CD4,CD4.c13.Temra.CX3CR1,CD4_Temra.EffMem,standard,20,0.8333333333333334,0.05,0.0
CD4,CD4.c13.Temra.CX3CR1,CD4_Temra.EffMem,filter_only,20,0.8333333333333334,0.0,0.0
CD4,CD4.c13.Temra.CX3CR1,CD4_Temra.EffMem,regex_mask,20,0.8333333333333334,0.0,0.0
CD4,CD4.c13.Temra.CX3CR1,CD4_Temra.EffMem,full_core,20,0.8333333333333334,0.0,0.0
CD4,CD4.c13.Temra.CX3CR1,CD4_Temra.EffMem,standard,30,0.8333333333333334,0.1,0.0
CD4,CD4.c13.Temra.CX3CR1,CD4_Temra.EffMem,filter_only,30,0.8333333333333334,0.0,0.0
CD4,CD4.c13.Temra.CX3CR1,CD4_Temra.EffMem,regex_mask,30,0.8333333333333334,0.0,0.0
CD4,CD4.c13.Temra.CX3CR1,CD4_Temra.EffMem,full_core,30,1.0,0.0,0.0
CD4,CD4.c13.Temra.CX3CR1,CD4_Temra.EffMem,standard,50,0.8333333333333334,0.18,0.0
CD4,CD4.c13.Temra.CX3CR1,CD4_Temra.EffMem,filter_only,50,0.8333333333333334,0.02,0.0
CD4,CD4.c13.Temra.CX3CR1,CD4_Temra.EffMem,regex_mask,50,0.8333333333333334,0.0,0.0
CD4,CD4.c13.Temra.CX3CR1,CD4_Temra.EffMem,full_core,50,1.0,0.0,0.0
CD4,CD4.c14.Th17.SLC4A10,CD4_Th17,standard,10,0.16666666666666666,0.3,0.1
CD4,CD4.c14.Th17.SLC4A10,CD4_Th17,filter_only,10,0.16666666666666666,0.0,0.0
CD4,CD4.c14.Th17.SLC4A10,CD4_Th17,regex_mask,10,0.16666666666666666,0.0,0.0
CD4,CD4.c14.Th17.SLC4A10,CD4_Th17,full_core,10,0.3333333333333333,0.0,0.0
CD4,CD4.c14.Th17.SLC4A10,CD4_Th17,standard,20,0.5,0.3,0.05
CD4,CD4.c14.Th17.SLC4A10,CD4_Th17,filter_only,20,0.5,0.0,0.0
CD4,CD4.c14.Th17.SLC4A10,CD4_Th17,regex_mask,20,0.5,0.0,0.0
CD4,CD4.c14.Th17.SLC4A10,CD4_Th17,full_core,20,0.3333333333333333,0.0,0.0
CD4,CD4.c14.Th17.SLC4A10,CD4_Th17,standard,30,0.5,0.26666666666666666,0.03333333333333333
CD4,CD4.c14.Th17.SLC4A10,CD4_Th17,filter_only,30,0.5,0.03333333333333333,0.0
CD4,CD4.c14.Th17.SLC4A10,CD4_Th17,regex_mask,30,0.5,0.0,0.0
CD4,CD4.c14.Th17.SLC4A10,CD4_Th17,full_core,30,0.3333333333333333,0.0,0.0
CD4,CD4.c14.Th17.SLC4A10,CD4_Th17,standard,50,0.5,0.34,0.06
CD4,CD4.c14.Th17.SLC4A10,CD4_Th17,filter_only,50,0.5,0.04,0.0
CD4,CD4.c14.Th17.SLC4A10,CD4_Th17,regex_mask,50,0.5,0.0,0.0
CD4,CD4.c14.Th17.SLC4A10,CD4_Th17,full_core,50,0.3333333333333333,0.0,0.0
CD4,CD4.c15.Th17.IL23R,CD4_Th17,standard,10,0.5,0.1,0.0
CD4,CD4.c15.Th17.IL23R,CD4_Th17,filter_only,10,0.5,0.0,0.0
CD4,CD4.c15.Th17.IL23R,CD4_Th17,regex_mask,10,0.5,0.0,0.0
CD4,CD4.c15.Th17.IL23R,CD4_Th17,full_core,10,0.3333333333333333,0.0,0.0
CD4,CD4.c15.Th17.IL23R,CD4_Th17,standard,20,0.6666666666666666,0.15,0.05
CD4,CD4.c15.Th17.IL23R,CD4_Th17,filter_only,20,0.6666666666666666,0.0,0.0
CD4,CD4.c15.Th17.IL23R,CD4_Th17,regex_mask,20,0.6666666666666666,0.0,0.0
CD4,CD4.c15.Th17.IL23R,CD4_Th17,full_core,20,0.3333333333333333,0.0,0.0
CD4,CD4.c15.Th17.IL23R,CD4_Th17,standard,30,0.6666666666666666,0.1,0.03333333333333333
CD4,CD4.c15.Th17.IL23R,CD4_Th17,filter_only,30,0.6666666666666666,0.0,0.0
CD4,CD4.c15.Th17.IL23R,CD4_Th17,regex_mask,30,0.6666666666666666,0.0,0.0
CD4,CD4.c15.Th17.IL23R,CD4_Th17,full_core,30,0.3333333333333333,0.0,0.0
CD4,CD4.c15.Th17.IL23R,CD4_Th17,standard,50,0.6666666666666666,0.14,0.06
CD4,CD4.c15.Th17.IL23R,CD4_Th17,filter_only,50,0.6666666666666666,0.02,0.0
CD4,CD4.c15.Th17.IL23R,CD4_Th17,regex_mask,50,0.6666666666666666,0.0,0.0
CD4,CD4.c15.Th17.IL23R,CD4_Th17,full_core,50,0.5,0.0,0.0
CD4,CD4.c16.Tfh.CXCR5,CD4_Tfh,standard,10,0.16666666666666666,0.1,0.1
CD4,CD4.c16.Tfh.CXCR5,CD4_Tfh,filter_only,10,0.16666666666666666,0.0,0.0
CD4,CD4.c16.Tfh.CXCR5,CD4_Tfh,regex_mask,10,0.16666666666666666,0.0,0.0
CD4,CD4.c16.Tfh.CXCR5,CD4_Tfh,full_core,10,0.16666666666666666,0.0,0.0
CD4,CD4.c16.Tfh.CXCR5,CD4_Tfh,standard,20,0.16666666666666666,0.1,0.05
CD4,CD4.c16.Tfh.CXCR5,CD4_Tfh,filter_only,20,0.16666666666666666,0.05,0.0
CD4,CD4.c16.Tfh.CXCR5,CD4_Tfh,regex_mask,20,0.16666666666666666,0.0,0.0
CD4,CD4.c16.Tfh.CXCR5,CD4_Tfh,full_core,20,0.16666666666666666,0.0,0.0
CD4,CD4.c16.Tfh.CXCR5,CD4_Tfh,standard,30,0.3333333333333333,0.06666666666666667,0.03333333333333333
CD4,CD4.c16.Tfh.CXCR5,CD4_Tfh,filter_only,30,0.3333333333333333,0.03333333333333333,0.0
CD4,CD4.c16.Tfh.CXCR5,CD4_Tfh,regex_mask,30,0.3333333333333333,0.0,0.0
CD4,CD4.c16.Tfh.CXCR5,CD4_Tfh,full_core,30,0.16666666666666666,0.0,0.0
CD4,CD4.c16.Tfh.CXCR5,CD4_Tfh,standard,50,0.5,0.04,0.02
CD4,CD4.c16.Tfh.CXCR5,CD4_Tfh,filter_only,50,0.5,0.02,0.0
CD4,CD4.c16.Tfh.CXCR5,CD4_Tfh,regex_mask,50,0.5,0.0,0.0
CD4,CD4.c16.Tfh.CXCR5,CD4_Tfh,full_core,50,0.16666666666666666,0.0,0.0
CD4,CD4.c17.TfhTh1.CXCL13,CD4_Tfh,standard,10,0.16666666666666666,0.1,0.0
CD4,CD4.c17.TfhTh1.CXCL13,CD4_Tfh,filter_only,10,0.16666666666666666,0.0,0.0
CD4,CD4.c17.TfhTh1.CXCL13,CD4_Tfh,regex_mask,10,0.16666666666666666,0.0,0.0
CD4,CD4.c17.TfhTh1.CXCL13,CD4_Tfh,full_core,10,0.16666666666666666,0.0,0.0
CD4,CD4.c17.TfhTh1.CXCL13,CD4_Tfh,standard,20,0.3333333333333333,0.1,0.05
CD4,CD4.c17.TfhTh1.CXCL13,CD4_Tfh,filter_only,20,0.3333333333333333,0.0,0.0
CD4,CD4.c17.TfhTh1.CXCL13,CD4_Tfh,regex_mask,20,0.3333333333333333,0.0,0.0
CD4,CD4.c17.TfhTh1.CXCL13,CD4_Tfh,full_core,20,0.16666666666666666,0.0,0.0
CD4,CD4.c17.TfhTh1.CXCL13,CD4_Tfh,standard,30,0.3333333333333333,0.13333333333333333,0.06666666666666667
CD4,CD4.c17.TfhTh1.CXCL13,CD4_Tfh,filter_only,30,0.3333333333333333,0.03333333333333333,0.0
CD4,CD4.c17.TfhTh1.CXCL13,CD4_Tfh,regex_mask,30,0.3333333333333333,0.0,0.0
CD4,CD4.c17.TfhTh1.CXCL13,CD4_Tfh,full_core,30,0.16666666666666666,0.0,0.0
CD4,CD4.c17.TfhTh1.CXCL13,CD4_Tfh,standard,50,0.5,0.14,0.08
CD4,CD4.c17.TfhTh1.CXCL13,CD4_Tfh,filter_only,50,0.5,0.04,0.0
CD4,CD4.c17.TfhTh1.CXCL13,CD4_Tfh,regex_mask,50,0.5,0.0,0.0
CD4,CD4.c17.TfhTh1.CXCL13,CD4_Tfh,full_core,50,0.16666666666666666,0.0,0.0
CD4,CD4.c18.Treg.RTKN2,CD4_Treg,standard,10,0.6666666666666666,0.1,0.1
CD4,CD4.c18.Treg.RTKN2,CD4_Treg,filter_only,10,0.6666666666666666,0.0,0.0
CD4,CD4.c18.Treg.RTKN2,CD4_Treg,regex_mask,10,0.6666666666666666,0.0,0.0
CD4,CD4.c18.Treg.RTKN2,CD4_Treg,full_core,10,0.6666666666666666,0.0,0.0
CD4,CD4.c18.Treg.RTKN2,CD4_Treg,standard,20,0.6666666666666666,0.1,0.05
CD4,CD4.c18.Treg.RTKN2,CD4_Treg,filter_only,20,0.6666666666666666,0.0,0.0
CD4,CD4.c18.Treg.RTKN2,CD4_Treg,regex_mask,20,0.6666666666666666,0.0,0.0
CD4,CD4.c18.Treg.RTKN2,CD4_Treg,full_core,20,1.0,0.0,0.0
CD4,CD4.c18.Treg.RTKN2,CD4_Treg,standard,30,0.6666666666666666,0.23333333333333334,0.06666666666666667
CD4,CD4.c18.Treg.RTKN2,CD4_Treg,filter_only,30,1.0,0.0,0.0
CD4,CD4.c18.Treg.RTKN2,CD4_Treg,regex_mask,30,1.0,0.0,0.0
CD4,CD4.c18.Treg.RTKN2,CD4_Treg,full_core,30,1.0,0.0,0.0
CD4,CD4.c18.Treg.RTKN2,CD4_Treg,standard,50,1.0,0.28,0.04
CD4,CD4.c18.Treg.RTKN2,CD4_Treg,filter_only,50,1.0,0.0,0.0
CD4,CD4.c18.Treg.RTKN2,CD4_Treg,regex_mask,50,1.0,0.0,0.0
CD4,CD4.c18.Treg.RTKN2,CD4_Treg,full_core,50,1.0,0.0,0.0
CD4,CD4.c19.Treg.S1PR1,CD4_Treg,standard,10,0.16666666666666666,0.1,0.1
CD4,CD4.c19.Treg.S1PR1,CD4_Treg,filter_only,10,0.16666666666666666,0.0,0.0
CD4,CD4.c19.Treg.S1PR1,CD4_Treg,regex_mask,10,0.16666666666666666,0.0,0.0
CD4,CD4.c19.Treg.S1PR1,CD4_Treg,full_core,10,0.16666666666666666,0.0,0.0
CD4,CD4.c19.Treg.S1PR1,CD4_Treg,standard,20,0.16666666666666666,0.2,0.1
CD4,CD4.c19.Treg.S1PR1,CD4_Treg,filter_only,20,0.16666666666666666,0.1,0.0
CD4,CD4.c19.Treg.S1PR1,CD4_Treg,regex_mask,20,0.16666666666666666,0.0,0.0
CD4,CD4.c19.Treg.S1PR1,CD4_Treg,full_core,20,0.3333333333333333,0.0,0.0
CD4,CD4.c19.Treg.S1PR1,CD4_Treg,standard,30,0.3333333333333333,0.13333333333333333,0.06666666666666667
CD4,CD4.c19.Treg.S1PR1,CD4_Treg,filter_only,30,0.3333333333333333,0.1,0.0
CD4,CD4.c19.Treg.S1PR1,CD4_Treg,regex_mask,30,0.3333333333333333,0.0,0.0
CD4,CD4.c19.Treg.S1PR1,CD4_Treg,full_core,30,0.6666666666666666,0.0,0.0
CD4,CD4.c19.Treg.S1PR1,CD4_Treg,standard,50,0.5,0.14,0.06
CD4,CD4.c19.Treg.S1PR1,CD4_Treg,filter_only,50,0.5,0.06,0.0
CD4,CD4.c19.Treg.S1PR1,CD4_Treg,regex_mask,50,0.5,0.0,0.0
CD4,CD4.c19.Treg.S1PR1,CD4_Treg,full_core,50,1.0,0.0,0.0
CD4,CD4.c20.Treg.TNFRSF9,CD4_Treg,standard,10,0.6666666666666666,0.2,0.1
CD4,CD4.c20.Treg.TNFRSF9,CD4_Treg,filter_only,10,0.6666666666666666,0.0,0.0
CD4,CD4.c20.Treg.TNFRSF9,CD4_Treg,regex_mask,10,0.6666666666666666,0.0,0.0
CD4,CD4.c20.Treg.TNFRSF9,CD4_Treg,full_core,10,0.6666666666666666,0.0,0.0
CD4,CD4.c20.Treg.TNFRSF9,CD4_Treg,standard,20,0.8333333333333334,0.1,0.05
CD4,CD4.c20.Treg.TNFRSF9,CD4_Treg,filter_only,20,0.8333333333333334,0.0,0.0
CD4,CD4.c20.Treg.TNFRSF9,CD4_Treg,regex_mask,20,0.8333333333333334,0.0,0.0
CD4,CD4.c20.Treg.TNFRSF9,CD4_Treg,full_core,20,0.8333333333333334,0.0,0.0
CD4,CD4.c20.Treg.TNFRSF9,CD4_Treg,standard,30,0.8333333333333334,0.06666666666666667,0.03333333333333333
CD4,CD4.c20.Treg.TNFRSF9,CD4_Treg,filter_only,30,0.8333333333333334,0.0,0.0
CD4,CD4.c20.Treg.TNFRSF9,CD4_Treg,regex_mask,30,0.8333333333333334,0.0,0.0
CD4,CD4.c20.Treg.TNFRSF9,CD4_Treg,full_core,30,1.0,0.0,0.0
CD4,CD4.c20.Treg.TNFRSF9,CD4_Treg,standard,50,1.0,0.08,0.04
CD4,CD4.c20.Treg.TNFRSF9,CD4_Treg,filter_only,50,1.0,0.02,0.0
CD4,CD4.c20.Treg.TNFRSF9,CD4_Treg,regex_mask,50,1.0,0.0,0.0
CD4,CD4.c20.Treg.TNFRSF9,CD4_Treg,full_core,50,1.0,0.0,0.0
CD4,CD4.c21.Treg.OAS1,CD4_Treg,standard,10,0.3333333333333333,0.1,0.1
CD4,CD4.c21.Treg.OAS1,CD4_Treg,filter_only,10,0.3333333333333333,0.0,0.0
CD4,CD4.c21.Treg.OAS1,CD4_Treg,regex_mask,10,0.3333333333333333,0.0,0.0
CD4,CD4.c21.Treg.OAS1,CD4_Treg,full_core,10,0.3333333333333333,0.0,0.0
CD4,CD4.c21.Treg.OAS1,CD4_Treg,standard,20,0.6666666666666666,0.05,0.05
CD4,CD4.c21.Treg.OAS1,CD4_Treg,filter_only,20,0.6666666666666666,0.0,0.0
CD4,CD4.c21.Treg.OAS1,CD4_Treg,regex_mask,20,0.6666666666666666,0.0,0.0
CD4,CD4.c21.Treg.OAS1,CD4_Treg,full_core,20,0.8333333333333334,0.0,0.0
CD4,CD4.c21.Treg.OAS1,CD4_Treg,standard,30,0.8333333333333334,0.06666666666666667,0.03333333333333333
CD4,CD4.c21.Treg.OAS1,CD4_Treg,filter_only,30,0.8333333333333334,0.0,0.0
CD4,CD4.c21.Treg.OAS1,CD4_Treg,regex_mask,30,0.8333333333333334,0.0,0.0
CD4,CD4.c21.Treg.OAS1,CD4_Treg,full_core,30,1.0,0.0,0.0
CD4,CD4.c21.Treg.OAS1,CD4_Treg,standard,50,0.8333333333333334,0.12,0.04
CD4,CD4.c21.Treg.OAS1,CD4_Treg,filter_only,50,1.0,0.06,0.0
CD4,CD4.c21.Treg.OAS1,CD4_Treg,regex_mask,50,1.0,0.0,0.0
CD4,CD4.c21.Treg.OAS1,CD4_Treg,full_core,50,1.0,0.0,0.0
CD4,CD4.c22.ISG.IFIT1,CD4_ISG,standard,10,0.6666666666666666,0.1,0.0
CD4,CD4.c22.ISG.IFIT1,CD4_ISG,filter_only,10,0.6666666666666666,0.1,0.0
CD4,CD4.c22.ISG.IFIT1,CD4_ISG,regex_mask,10,0.6666666666666666,0.0,0.0
CD4,CD4.c22.ISG.IFIT1,CD4_ISG,full_core,10,1.0,0.0,0.0
CD4,CD4.c22.ISG.IFIT1,CD4_ISG,standard,20,1.0,0.05,0.0
CD4,CD4.c22.ISG.IFIT1,CD4_ISG,filter_only,20,1.0,0.05,0.0
CD4,CD4.c22.ISG.IFIT1,CD4_ISG,regex_mask,20,1.0,0.0,0.0
CD4,CD4.c22.ISG.IFIT1,CD4_ISG,full_core,20,1.0,0.0,0.0
CD4,CD4.c22.ISG.IFIT1,CD4_ISG,standard,30,1.0,0.03333333333333333,0.0
CD4,CD4.c22.ISG.IFIT1,CD4_ISG,filter_only,30,1.0,0.03333333333333333,0.0
CD4,CD4.c22.ISG.IFIT1,CD4_ISG,regex_mask,30,1.0,0.0,0.0
CD4,CD4.c22.ISG.IFIT1,CD4_ISG,full_core,30,1.0,0.0,0.0
CD4,CD4.c22.ISG.IFIT1,CD4_ISG,standard,50,1.0,0.02,0.0
CD4,CD4.c22.ISG.IFIT1,CD4_ISG,filter_only,50,1.0,0.02,0.0
CD4,CD4.c22.ISG.IFIT1,CD4_ISG,regex_mask,50,1.0,0.0,0.0
CD4,CD4.c22.ISG.IFIT1,CD4_ISG,full_core,50,1.0,0.0,0.0
MSC,CAFs MSC iCAF-like,Fibro_iCAF,standard,10,0.3333333333333333,0.0,0.0
MSC,CAFs MSC iCAF-like,Fibro_iCAF,filter_only,10,0.3333333333333333,0.0,0.0
MSC,CAFs MSC iCAF-like,Fibro_iCAF,regex_mask,10,0.3333333333333333,0.0,0.0
MSC,CAFs MSC iCAF-like,Fibro_iCAF,full_core,10,0.5,0.0,0.0
MSC,CAFs MSC iCAF-like,Fibro_iCAF,standard,20,0.5,0.0,0.0
MSC,CAFs MSC iCAF-like,Fibro_iCAF,filter_only,20,0.5,0.0,0.0
MSC,CAFs MSC iCAF-like,Fibro_iCAF,regex_mask,20,0.5,0.0,0.0
MSC,CAFs MSC iCAF-like,Fibro_iCAF,full_core,20,0.5,0.0,0.0
MSC,CAFs MSC iCAF-like,Fibro_iCAF,standard,30,0.5,0.0,0.0
MSC,CAFs MSC iCAF-like,Fibro_iCAF,filter_only,30,0.5,0.0,0.0
MSC,CAFs MSC iCAF-like,Fibro_iCAF,regex_mask,30,0.5,0.0,0.0
MSC,CAFs MSC iCAF-like,Fibro_iCAF,full_core,30,0.5,0.0,0.0
MSC,CAFs MSC iCAF-like,Fibro_iCAF,standard,50,1.0,0.0,0.0
MSC,CAFs MSC iCAF-like,Fibro_iCAF,filter_only,50,1.0,0.0,0.0
MSC,CAFs MSC iCAF-like,Fibro_iCAF,regex_mask,50,1.0,0.0,0.0
MSC,CAFs MSC iCAF-like,Fibro_iCAF,full_core,50,1.0,0.0,0.0
MSC,CAFs myCAF-like,Fibro_myCAF,standard,10,0.3333333333333333,0.0,0.0
MSC,CAFs myCAF-like,Fibro_myCAF,filter_only,10,0.3333333333333333,0.0,0.0
MSC,CAFs myCAF-like,Fibro_myCAF,regex_mask,10,0.3333333333333333,0.0,0.0
MSC,CAFs myCAF-like,Fibro_myCAF,full_core,10,0.3333333333333333,0.0,0.0
MSC,CAFs myCAF-like,Fibro_myCAF,standard,20,0.3333333333333333,0.0,0.0
MSC,CAFs myCAF-like,Fibro_myCAF,filter_only,20,0.3333333333333333,0.0,0.0
MSC,CAFs myCAF-like,Fibro_myCAF,regex_mask,20,0.3333333333333333,0.0,0.0
MSC,CAFs myCAF-like,Fibro_myCAF,full_core,20,0.3333333333333333,0.0,0.0
MSC,CAFs myCAF-like,Fibro_myCAF,standard,30,0.3333333333333333,0.0,0.0
MSC,CAFs myCAF-like,Fibro_myCAF,filter_only,30,0.3333333333333333,0.0,0.0
MSC,CAFs myCAF-like,Fibro_myCAF,regex_mask,30,0.3333333333333333,0.0,0.0
MSC,CAFs myCAF-like,Fibro_myCAF,full_core,30,0.3333333333333333,0.0,0.0
MSC,CAFs myCAF-like,Fibro_myCAF,standard,50,0.3333333333333333,0.0,0.0
MSC,CAFs myCAF-like,Fibro_myCAF,filter_only,50,0.3333333333333333,0.0,0.0
MSC,CAFs myCAF-like,Fibro_myCAF,regex_mask,50,0.3333333333333333,0.0,0.0
MSC,CAFs myCAF-like,Fibro_myCAF,full_core,50,0.3333333333333333,0.0,0.0
MSC,Cycling PVL,Fibro_PVL,standard,10,0.16666666666666666,0.4,0.0
MSC,Cycling PVL,Fibro_PVL,filter_only,10,0.16666666666666666,0.4,0.0
MSC,Cycling PVL,Fibro_PVL,regex_mask,10,0.16666666666666666,0.0,0.0
MSC,Cycling PVL,Fibro_PVL,full_core,10,0.16666666666666666,0.0,0.0
MSC,Cycling PVL,Fibro_PVL,standard,20,0.16666666666666666,0.45,0.0
MSC,Cycling PVL,Fibro_PVL,filter_only,20,0.16666666666666666,0.45,0.0
MSC,Cycling PVL,Fibro_PVL,regex_mask,20,0.16666666666666666,0.0,0.0
MSC,Cycling PVL,Fibro_PVL,full_core,20,0.16666666666666666,0.05,0.0
MSC,Cycling PVL,Fibro_PVL,standard,30,0.16666666666666666,0.4666666666666667,0.0
MSC,Cycling PVL,Fibro_PVL,filter_only,30,0.16666666666666666,0.4666666666666667,0.0
MSC,Cycling PVL,Fibro_PVL,regex_mask,30,0.16666666666666666,0.0,0.0
MSC,Cycling PVL,Fibro_PVL,full_core,30,0.16666666666666666,0.03333333333333333,0.0
MSC,Cycling PVL,Fibro_PVL,standard,50,0.16666666666666666,0.4,0.0
MSC,Cycling PVL,Fibro_PVL,filter_only,50,0.16666666666666666,0.4,0.0
MSC,Cycling PVL,Fibro_PVL,regex_mask,50,0.16666666666666666,0.0,0.0
MSC,Cycling PVL,Fibro_PVL,full_core,50,0.5,0.02,0.0
MSC,Endothelial ACKR1,Endothelial,standard,10,0.16666666666666666,0.0,0.0
MSC,Endothelial ACKR1,Endothelial,filter_only,10,0.16666666666666666,0.0,0.0
MSC,Endothelial ACKR1,Endothelial,regex_mask,10,0.16666666666666666,0.0,0.0
MSC,Endothelial ACKR1,Endothelial,full_core,10,0.16666666666666666,0.0,0.0
MSC,Endothelial ACKR1,Endothelial,standard,20,0.3333333333333333,0.0,0.0
MSC,Endothelial ACKR1,Endothelial,filter_only,20,0.3333333333333333,0.0,0.0
MSC,Endothelial ACKR1,Endothelial,regex_mask,20,0.3333333333333333,0.0,0.0
MSC,Endothelial ACKR1,Endothelial,full_core,20,0.3333333333333333,0.0,0.0
MSC,Endothelial ACKR1,Endothelial,standard,30,0.3333333333333333,0.0,0.0
MSC,Endothelial ACKR1,Endothelial,filter_only,30,0.3333333333333333,0.0,0.0
MSC,Endothelial ACKR1,Endothelial,regex_mask,30,0.3333333333333333,0.0,0.0
MSC,Endothelial ACKR1,Endothelial,full_core,30,0.3333333333333333,0.0,0.0
MSC,Endothelial ACKR1,Endothelial,standard,50,0.3333333333333333,0.02,0.0
MSC,Endothelial ACKR1,Endothelial,filter_only,50,0.3333333333333333,0.02,0.0
MSC,Endothelial ACKR1,Endothelial,regex_mask,50,0.3333333333333333,0.0,0.0
MSC,Endothelial ACKR1,Endothelial,full_core,50,0.5,0.0,0.0
MSC,Endothelial CXCL12,Endothelial,standard,10,0.16666666666666666,0.0,0.0
MSC,Endothelial CXCL12,Endothelial,filter_only,10,0.16666666666666666,0.0,0.0
MSC,Endothelial CXCL12,Endothelial,regex_mask,10,0.16666666666666666,0.0,0.0
MSC,Endothelial CXCL12,Endothelial,full_core,10,0.3333333333333333,0.0,0.0
MSC,Endothelial CXCL12,Endothelial,standard,20,0.3333333333333333,0.0,0.0
MSC,Endothelial CXCL12,Endothelial,filter_only,20,0.3333333333333333,0.0,0.0
MSC,Endothelial CXCL12,Endothelial,regex_mask,20,0.3333333333333333,0.0,0.0
MSC,Endothelial CXCL12,Endothelial,full_core,20,0.5,0.0,0.0
MSC,Endothelial CXCL12,Endothelial,standard,30,0.3333333333333333,0.0,0.0
MSC,Endothelial CXCL12,Endothelial,filter_only,30,0.3333333333333333,0.0,0.0
MSC,Endothelial CXCL12,Endothelial,regex_mask,30,0.3333333333333333,0.0,0.0
MSC,Endothelial CXCL12,Endothelial,full_core,30,0.5,0.0,0.0
MSC,Endothelial CXCL12,Endothelial,standard,50,0.5,0.04,0.0
MSC,Endothelial CXCL12,Endothelial,filter_only,50,0.5,0.04,0.0
MSC,Endothelial CXCL12,Endothelial,regex_mask,50,0.5,0.0,0.0
MSC,Endothelial CXCL12,Endothelial,full_core,50,0.6666666666666666,0.0,0.0
MSC,Endothelial RGS5,Endothelial,standard,10,0.16666666666666666,0.1,0.0
MSC,Endothelial RGS5,Endothelial,filter_only,10,0.16666666666666666,0.1,0.0
MSC,Endothelial RGS5,Endothelial,regex_mask,10,0.16666666666666666,0.0,0.0
MSC,Endothelial RGS5,Endothelial,full_core,10,0.5,0.0,0.0
MSC,Endothelial RGS5,Endothelial,standard,20,0.5,0.05,0.0
MSC,Endothelial RGS5,Endothelial,filter_only,20,0.5,0.05,0.0
MSC,Endothelial RGS5,Endothelial,regex_mask,20,0.5,0.0,0.0
MSC,Endothelial RGS5,Endothelial,full_core,20,0.8333333333333334,0.0,0.0
MSC,Endothelial RGS5,Endothelial,standard,30,0.6666666666666666,0.03333333333333333,0.0
MSC,Endothelial RGS5,Endothelial,filter_only,30,0.6666666666666666,0.03333333333333333,0.0
MSC,Endothelial RGS5,Endothelial,regex_mask,30,0.8333333333333334,0.0,0.0
MSC,Endothelial RGS5,Endothelial,full_core,30,0.8333333333333334,0.0,0.0
MSC,Endothelial RGS5,Endothelial,standard,50,0.8333333333333334,0.04,0.0
MSC,Endothelial RGS5,Endothelial,filter_only,50,0.8333333333333334,0.04,0.0
MSC,Endothelial RGS5,Endothelial,regex_mask,50,0.8333333333333334,0.0,0.0
MSC,Endothelial RGS5,Endothelial,full_core,50,1.0,0.0,0.0
MSC,PVL Differentiated,Fibro_PVL,standard,10,0.5,0.0,0.0
MSC,PVL Differentiated,Fibro_PVL,filter_only,10,0.5,0.0,0.0
MSC,PVL Differentiated,Fibro_PVL,regex_mask,10,0.5,0.0,0.0
MSC,PVL Differentiated,Fibro_PVL,full_core,10,0.5,0.0,0.0
MSC,PVL Differentiated,Fibro_PVL,standard,20,0.6666666666666666,0.0,0.0
MSC,PVL Differentiated,Fibro_PVL,filter_only,20,0.6666666666666666,0.0,0.0
MSC,PVL Differentiated,Fibro_PVL,regex_mask,20,0.6666666666666666,0.0,0.0
MSC,PVL Differentiated,Fibro_PVL,full_core,20,0.6666666666666666,0.0,0.0
MSC,PVL Differentiated,Fibro_PVL,standard,30,0.6666666666666666,0.0,0.0
MSC,PVL Differentiated,Fibro_PVL,filter_only,30,0.6666666666666666,0.0,0.0
MSC,PVL Differentiated,Fibro_PVL,regex_mask,30,0.6666666666666666,0.0,0.0
MSC,PVL Differentiated,Fibro_PVL,full_core,30,0.6666666666666666,0.0,0.0
MSC,PVL Differentiated,Fibro_PVL,standard,50,0.6666666666666666,0.04,0.04
MSC,PVL Differentiated,Fibro_PVL,filter_only,50,0.6666666666666666,0.0,0.0
MSC,PVL Differentiated,Fibro_PVL,regex_mask,50,0.6666666666666666,0.0,0.0
MSC,PVL Differentiated,Fibro_PVL,full_core,50,0.8333333333333334,0.0,0.0
MSC,PVL Immature,Fibro_PVL,standard,10,0.16666666666666666,0.0,0.0
MSC,PVL Immature,Fibro_PVL,filter_only,10,0.16666666666666666,0.0,0.0
MSC,PVL Immature,Fibro_PVL,regex_mask,10,0.16666666666666666,0.0,0.0
MSC,PVL Immature,Fibro_PVL,full_core,10,0.16666666666666666,0.0,0.0
MSC,PVL Immature,Fibro_PVL,standard,20,0.16666666666666666,0.0,0.0
MSC,PVL Immature,Fibro_PVL,filter_only,20,0.16666666666666666,0.0,0.0
MSC,PVL Immature,Fibro_PVL,regex_mask,20,0.16666666666666666,0.0,0.0
MSC,PVL Immature,Fibro_PVL,full_core,20,0.16666666666666666,0.0,0.0
MSC,PVL Immature,Fibro_PVL,standard,30,0.16666666666666666,0.0,0.0
MSC,PVL Immature,Fibro_PVL,filter_only,30,0.16666666666666666,0.0,0.0
MSC,PVL Immature,Fibro_PVL,regex_mask,30,0.16666666666666666,0.0,0.0
MSC,PVL Immature,Fibro_PVL,full_core,30,0.16666666666666666,0.0,0.0
MSC,PVL Immature,Fibro_PVL,standard,50,0.3333333333333333,0.0,0.0
MSC,PVL Immature,Fibro_PVL,filter_only,50,0.3333333333333333,0.0,0.0
MSC,PVL Immature,Fibro_PVL,regex_mask,50,0.3333333333333333,0.0,0.0
MSC,PVL Immature,Fibro_PVL,full_core,50,0.5,0.0,0.0
MOUSE_B,B cell,Mature_B,standard,10,0.8333333333333334,0.4,0.0
MOUSE_B,B cell,Mature_B,filter_only,10,0.8333333333333334,0.4,0.0
MOUSE_B,B cell,Mature_B,regex_mask,10,1.0,0.0,0.0
MOUSE_B,B cell,Mature_B,full_core,10,0.8333333333333334,0.0,0.0
MOUSE_B,B cell,Mature_B,standard,20,0.8333333333333334,0.65,0.0
MOUSE_B,B cell,Mature_B,filter_only,20,0.8333333333333334,0.65,0.0
MOUSE_B,B cell,Mature_B,regex_mask,20,1.0,0.15,0.15
MOUSE_B,B cell,Mature_B,full_core,20,0.8333333333333334,0.0,0.0
MOUSE_B,B cell,Mature_B,standard,30,1.0,0.7333333333333333,0.0
MOUSE_B,B cell,Mature_B,filter_only,30,1.0,0.7,0.0
MOUSE_B,B cell,Mature_B,regex_mask,30,1.0,0.13333333333333333,0.13333333333333333
MOUSE_B,B cell,Mature_B,full_core,30,0.8333333333333334,0.0,0.0
MOUSE_B,B cell,Mature_B,standard,50,1.0,0.82,0.0
MOUSE_B,B cell,Mature_B,filter_only,50,1.0,0.68,0.02
MOUSE_B,B cell,Mature_B,regex_mask,50,1.0,0.1,0.1
MOUSE_B,B cell,Mature_B,full_core,50,0.8333333333333334,0.0,0.0
MOUSE_B,immature B cell,Erythrocyte_like,standard,10,0.25,0.1,0.0
MOUSE_B,immature B cell,Erythrocyte_like,filter_only,10,0.25,0.1,0.0
MOUSE_B,immature B cell,Erythrocyte_like,regex_mask,10,0.25,0.0,0.0
MOUSE_B,immature B cell,Erythrocyte_like,full_core,10,0.25,0.1,0.0
MOUSE_B,immature B cell,Erythrocyte_like,standard,20,0.5,0.1,0.0
MOUSE_B,immature B cell,Erythrocyte_like,filter_only,20,0.5,0.1,0.0
MOUSE_B,immature B cell,Erythrocyte_like,regex_mask,20,0.5,0.0,0.0
MOUSE_B,immature B cell,Erythrocyte_like,full_core,20,0.5,0.05,0.0
MOUSE_B,immature B cell,Erythrocyte_like,standard,30,0.5,0.13333333333333333,0.03333333333333333
MOUSE_B,immature B cell,Erythrocyte_like,filter_only,30,0.75,0.13333333333333333,0.0
MOUSE_B,immature B cell,Erythrocyte_like,regex_mask,30,0.5,0.0,0.0
MOUSE_B,immature B cell,Erythrocyte_like,full_core,30,0.5,0.03333333333333333,0.0
MOUSE_B,immature B cell,Erythrocyte_like,standard,50,1.0,0.18,0.02
MOUSE_B,immature B cell,Erythrocyte_like,filter_only,50,1.0,0.16,0.0
MOUSE_B,immature B cell,Erythrocyte_like,regex_mask,50,0.5,0.0,0.0
MOUSE_B,immature B cell,Erythrocyte_like,full_core,50,0.5,0.02,0.0
MOUSE_B,naive B cell,Mast_like,standard,10,0.5,0.0,0.0
MOUSE_B,naive B cell,Mast_like,filter_only,10,0.5,0.0,0.0
MOUSE_B,naive B cell,Mast_like,regex_mask,10,0.5,0.0,0.0
MOUSE_B,naive B cell,Mast_like,full_core,10,0.5,0.0,0.0
MOUSE_B,naive B cell,Mast_like,standard,20,0.5,0.0,0.0
MOUSE_B,naive B cell,Mast_like,filter_only,20,0.5,0.0,0.0
MOUSE_B,naive B cell,Mast_like,regex_mask,20,0.5,0.0,0.0
MOUSE_B,naive B cell,Mast_like,full_core,20,0.6666666666666666,0.0,0.0
MOUSE_B,naive B cell,Mast_like,standard,30,0.6666666666666666,0.0,0.0
MOUSE_B,naive B cell,Mast_like,filter_only,30,0.6666666666666666,0.0,0.0
MOUSE_B,naive B cell,Mast_like,regex_mask,30,0.6666666666666666,0.0,0.0
MOUSE_B,naive B cell,Mast_like,full_core,30,0.6666666666666666,0.0,0.0
MOUSE_B,naive B cell,Mast_like,standard,50,0.6666666666666666,0.0,0.0
MOUSE_B,naive B cell,Mast_like,filter_only,50,0.6666666666666666,0.0,0.0
MOUSE_B,naive B cell,Mast_like,regex_mask,50,0.6666666666666666,0.0,0.0
MOUSE_B,naive B cell,Mast_like,full_core,50,0.6666666666666666,0.0,0.0
MOUSE_B,precursor B cell,pDC_Myeloid_like,standard,10,0.8,0.0,0.0
MOUSE_B,precursor B cell,pDC_Myeloid_like,filter_only,10,0.8,0.0,0.0
MOUSE_B,precursor B cell,pDC_Myeloid_like,regex_mask,10,0.8,0.0,0.0
MOUSE_B,precursor B cell,pDC_Myeloid_like,full_core,10,0.8,0.0,0.0
MOUSE_B,precursor B cell,pDC_Myeloid_like,standard,20,0.8,0.05,0.0
MOUSE_B,precursor B cell,pDC_Myeloid_like,filter_only,20,0.8,0.05,0.0
MOUSE_B,precursor B cell,pDC_Myeloid_like,regex_mask,20,0.8,0.0,0.0
MOUSE_B,precursor B cell,pDC_Myeloid_like,full_core,20,0.8,0.0,0.0
MOUSE_B,precursor B cell,pDC_Myeloid_like,standard,30,0.8,0.03333333333333333,0.0
MOUSE_B,precursor B cell,pDC_Myeloid_like,filter_only,30,0.8,0.03333333333333333,0.0
MOUSE_B,precursor B cell,pDC_Myeloid_like,regex_mask,30,0.8,0.0,0.0
MOUSE_B,precursor B cell,pDC_Myeloid_like,full_core,30,0.8,0.0,0.0
MOUSE_B,precursor B cell,pDC_Myeloid_like,standard,50,0.8,0.02,0.0
MOUSE_B,precursor B cell,pDC_Myeloid_like,filter_only,50,0.8,0.02,0.0
MOUSE_B,precursor B cell,pDC_Myeloid_like,regex_mask,50,0.8,0.0,0.0
MOUSE_B,precursor B cell,pDC_Myeloid_like,full_core,50,0.8,0.0,0.0
