Dataset,Method,N,Mean_S_anno,Exact_State_Agreement,Exact_Match_Accuracy,Major_Lineage_Accuracy,Ontology_Consistent_Accuracy_Sanno_ge_0.5,Low_Consistency_Rate_Sanno_lt_0.5
CD4 T,Standard,22,0.75,0.5909090909090909,0.5454545454545454,0.8181818181818182,0.8181818181818182,0.18181818181818182
CD4 T,Curated,22,0.85,0.5,0.5,1.0,1.0,0.0
CD4 T,CellTypist,22,0.8636363636363634,0.5454545454545454,0.5454545454545454,1.0,1.0,0.0
CD4 T,SingleR,22,0.6045454545454546,0.3181818181818182,0.13636363636363635,0.7272727272727273,0.7272727272727273,0.2727272727272727
CD4 T,Azimuth,22,0.8636363636363634,0.5454545454545454,0.5454545454545454,1.0,1.0,0.0
CD8 T,Standard,17,0.7529411764705882,0.6470588235294118,0.5882352941176471,0.8235294117647058,0.8235294117647058,0.17647058823529413
CD8 T,Curated,17,0.8176470588235293,0.5294117647058824,0.5294117647058824,0.9411764705882353,0.9411764705882353,0.058823529411764705
CD8 T,CellTypist,17,0.7352941176470588,0.11764705882352941,0.11764705882352941,1.0,1.0,0.0
CD8 T,SingleR,17,0.8588235294117647,0.5294117647058824,0.5294117647058824,1.0,1.0,0.0
CD8 T,Azimuth,17,0.8352941176470587,0.5882352941176471,0.5882352941176471,0.9411764705882353,0.9411764705882353,0.058823529411764705
MSC,Standard,8,0.80625,0.75,0.625,0.875,0.75,0.25
MSC,Curated,8,0.89375,0.875,0.75,0.875,0.875,0.125
MSC,CellTypist,8,0.825,0.75,0.75,1.0,0.75,0.25
MSC,SingleR,8,0.24374999999999997,0.0,0.0,0.625,0.0,1.0
MSC,Azimuth,8,0.825,0.75,0.75,1.0,0.75,0.25
Mouse B,Standard,5,1.0,1.0,1.0,1.0,1.0,0.0
Mouse B,Curated,5,1.0,1.0,1.0,1.0,1.0,0.0
Mouse B,SingleR,5,0.7,0.6,0.6,0.8,0.8,0.2
