Dataset,TaskKey,Cluster_ID,Ground_Truth,Variant,Pred_Text,Pred_Confidence,Pred_Reasoning,Use_Auto_Context,N_Input_Genes,Genes,Annotate_Raw_JSON,Sanno,GT_Major,GT_State,UsedInConfusion
CD8,CD8,CD8.c01.Tn.MAL,CD8_Naive,standard,Naive T cell,High,"High confidence based on the canonical naive T cell markers IL7R, CCR7, and KLF2. The list is also dominated by a strong ribosomal protein signature, which is characteristic of this cell type in single-cell data.",False,50,RPL32|IL7R|EEF1A1|RPS12|RPL11|RPL13|RPS3A|RPL5|RPL19|RPS8|RPL10|CCR7|RPS13|RPL18A|RPS4X|RPS6|RPL14|RPL30|RPS3|RPL3|TPT1|RPS23|RPL9|KLF2|EEF1B2|RPS14|RPS5|RPS27A|PABPC1|RPS18|RPL29|RPL18|RPS10|RPL34|CD55|RPS25|RPLP0|RPL8|RPL22|RPLP2|RPS2|RPSA|LTB|RPL10A|RPL12|GNB2L1|RPL21|JUNB|RPL36|EEF1G,"{""cell_type"": ""Naive T cell"", ""confidence"": ""High"", ""reasoning"": ""High confidence based on the canonical naive T cell markers IL7R, CCR7, and KLF2. The list is also dominated by a strong ribosomal protein signature, which is characteristic of this cell type in single-cell data.""}",1.0,T,Naive,True
CD8,CD8,CD8.c01.Tn.MAL,CD8_Naive,filter_only,Naive T cell,High,"The gene list contains a canonical set of markers for naive T cells, including IL7R, CCR7, SELL, LEF1, and TCF7. These genes are crucial for T-cell quiescence and homing to secondary lymphoid organs. There is a notable absence of markers for effector function or other memory T-cell subsets.",False,50,IL7R|CCR7|RPL9|KLF2|EEF1B2|RPS5|PABPC1|CD55|RPL22|RPSA|LTB|RPL10A|RPL21|JUNB|RPL36|EEF1G|LEF1|RPL7|RPL4|FXYD5|FOS|SELL|LDHB|NDFIP1|EEF2|RPL13A|SARAF|RPL37|RPS21|SLC2A3|GPR183|RPS20|LEPROTL1|SC5D|NACA|GLTSCR2|TCF7|RPL36A|ZFP36L2|EIF3E|RPL38|S1PR1|SNHG8|NELL2|PFDN5|NPM1|RPS27|RPL35|TMEM123|RPL31,"{""cell_type"": ""Naive T cell"", ""confidence"": ""High"", ""reasoning"": ""The gene list contains a canonical set of markers for naive T cells, including IL7R, CCR7, SELL, LEF1, and TCF7. These genes are crucial for T-cell quiescence and homing to secondary lymphoid organs. There is a notable absence of markers for effector function or other memory T-cell subsets.""}",1.0,T,Naive,True
CD8,CD8,CD8.c01.Tn.MAL,CD8_Naive,regex_mask,Naive T cell,High,"The gene list includes a classic and strong signature for naive T cells, including the key lymph node homing receptors CCR7 and SELL (CD62L), the IL-7 receptor (IL7R), and the core transcription factors that maintain quiescence and the naive state (LEF1, TCF7, KLF2).",False,50,IL7R|CCR7|KLF2|PABPC1|CD55|LTB|LEF1|FXYD5|SELL|LDHB|NDFIP1|SARAF|SLC2A3|GPR183|LEPROTL1|SC5D|NACA|GLTSCR2|TCF7|ZFP36L2|S1PR1|SNHG8|NELL2|PFDN5|NPM1|TMEM123|UBA52|KLF3|TOB1|FAM177A1|CD28|AREG|ICAM2|CAMK4|FLT3LG|SF1|CSRNP1|GADD45B|SOCS3|BTG2|ANXA1|NOSIP|SOCS1|HINT1|CD48|FAM65B|DUSP1|FCMR|TXNIP|SATB1,"{""cell_type"": ""Naive T cell"", ""confidence"": ""High"", ""reasoning"": ""The gene list includes a classic and strong signature for naive T cells, including the key lymph node homing receptors CCR7 and SELL (CD62L), the IL-7 receptor (IL7R), and the core transcription factors that maintain quiescence and the naive state (LEF1, TCF7, KLF2).""}",1.0,T,Naive,True
CD8,CD8,CD8.c01.Tn.MAL,CD8_Naive,full_core,Naive T cell,High,"The cell expresses a canonical set of genes associated with naive T cells, including lymph node homing receptors (CCR7, SELL) and transcription factors that maintain the naive state (LEF1, TCF7, KLF2, S1PR1). There is a lack of markers for effector function or exhaustion.",True,50,IL7R|CCR7|KLF2|LTB|LEF1|SELL|LDHB|SLC2A3|GPR183|TCF7|S1PR1|NELL2|NPM1|KLF3|TOB1|AREG|GADD45B|SOCS3|ANXA1|DUSP1|TXNIP|SATB1|PTGER2|AQP3|RASGRP2|LMNA|LSR|CHMP1B|RGCC|NR4A1|SGK1|PASK|PIM1|MAL|SCML1|SESN3|BACH2|CDKN1A|NFKBIA|DNAJB1|C1orf228|PLAC8|TIMP1|PPP1R15A|PRDX2|TXK|NR4A2|FXYD7|ZFP36|MARCKSL1,"{""cell_type"": ""Naive T cell"", ""confidence"": ""High"", ""reasoning"": ""The cell expresses a canonical set of genes associated with naive T cells, including lymph node homing receptors (CCR7, SELL) and transcription factors that maintain the naive state (LEF1, TCF7, KLF2, S1PR1). There is a lack of markers for effector function or exhaustion.""}",1.0,T,Naive,True
CD8,CD8,CD8.c02.Tm.IL7R,CD8_EffectorMemory,standard,Activated T cell,High,"The gene list contains T-cell lineage markers (IL7R, CXCR4, GPR183) combined with a very strong signature of recent activation. This includes the canonical early activation marker CD69 and numerous immediate early genes (FOS, FOSB) and their negative feedback regulators (ZFP36, DUSP1, TNFAIP3, BTG1).",False,50,ZFP36L2|CXCR4|BTG1|ZFP36|ANXA1|IL7R|TSC22D3|SARAF|GLIPR1|LEPROTL1|KLF6|PTGER4|RGCC|FAM129A|TNFAIP3|FOSB|MYADM|CYTIP|RPS3A|SAMSN1|YPEL5|CCNH|CD55|LMNA|PARP8|SRGN|FOS|AC090498.1|AIM1|RPL30|RPS27|PNRC1|AHNAK|ELF1|EIF1|GPR183|TOB1|DUSP1|VIM|RPS28|PLK3|TOMM7|FTH1|RPS3|MCL1|EZR|SCML4|SYTL3|EML4|CD69,"{""cell_type"": ""Activated T cell"", ""confidence"": ""High"", ""reasoning"": ""The gene list contains T-cell lineage markers (IL7R, CXCR4, GPR183) combined with a very strong signature of recent activation. This includes the canonical early activation marker CD69 and numerous immediate early genes (FOS, FOSB) and their negative feedback regulators (ZFP36, DUSP1, TNFAIP3, BTG1).""}",1.0,T,EffMem,True
CD8,CD8,CD8.c02.Tm.IL7R,CD8_EffectorMemory,filter_only,Activated T cell,High,"The gene list is dominated by canonical markers of early T cell activation, including the immediate early genes FOS, JUNB, and FOSB, the surface marker CD69, and induced negative feedback regulators like DUSP1, TNFAIP3, and ZFP36. The presence of the chemokine CCL4 further supports an activated, effector-like state.",False,50,ZFP36L2|CXCR4|ZFP36|ANXA1|IL7R|TSC22D3|GLIPR1|LEPROTL1|KLF6|PTGER4|RGCC|FAM129A|TNFAIP3|FOSB|MYADM|CYTIP|SAMSN1|YPEL5|CCNH|CD55|LMNA|PARP8|FOS|AIM1|PNRC1|AHNAK|ELF1|GPR183|TOB1|DUSP1|VIM|PLK3|TOMM7|MCL1|EZR|SCML4|SYTL3|EML4|CD69|MT-ND1|JUNB|CCL4|METTL9|CITED2|TGFB1|PDE4B|CALM2|NR3C1|TUBA4A|FAM177A1,"{""cell_type"": ""Activated T cell"", ""confidence"": ""High"", ""reasoning"": ""The gene list is dominated by canonical markers of early T cell activation, including the immediate early genes FOS, JUNB, and FOSB, the surface marker CD69, and induced negative feedback regulators like DUSP1, TNFAIP3, and ZFP36. The presence of the chemokine CCL4 further supports an activated, effector-like state.""}",1.0,T,EffMem,True
CD8,CD8,CD8.c02.Tm.IL7R,CD8_EffectorMemory,regex_mask,Activated CD8+ Memory T cell,High,"The gene list includes canonical T cell memory markers (CD44, IL7R), the key early activation/tissue-residency marker CD69, the CD8+ lineage-associated transcription factor RUNX3, and numerous activation-induced regulatory genes (ZFP36, DUSP1, TNFAIP3, CCL4). This combination is highly characteristic of a recently activated memory CD8+ T cell.",False,50,ZFP36L2|CXCR4|ZFP36|ANXA1|IL7R|TSC22D3|GLIPR1|LEPROTL1|KLF6|PTGER4|RGCC|FAM129A|TNFAIP3|MYADM|CYTIP|SAMSN1|YPEL5|CCNH|CD55|LMNA|PARP8|AIM1|PNRC1|AHNAK|ELF1|GPR183|TOB1|DUSP1|VIM|PLK3|TOMM7|MCL1|EZR|SCML4|SYTL3|EML4|CD69|CCL4|METTL9|CITED2|TGFB1|PDE4B|CALM2|NR3C1|TUBA4A|FAM177A1|PIK3R1|RUNX3|STK4|CD44,"{""cell_type"": ""Activated CD8+ Memory T cell"", ""confidence"": ""High"", ""reasoning"": ""The gene list includes canonical T cell memory markers (CD44, IL7R), the key early activation/tissue-residency marker CD69, the CD8+ lineage-associated transcription factor RUNX3, and numerous activation-induced regulatory genes (ZFP36, DUSP1, TNFAIP3, CCL4). This combination is highly characteristic of a recently activated memory CD8+ T cell.""}",1.0,T,EffMem,True
CD8,CD8,CD8.c02.Tm.IL7R,CD8_EffectorMemory,full_core,CD8+ Tissue-Resident Memory T cell (Activated),High,"The gene list shows a strong signature for tissue-resident memory T cells (TRM), including the master regulator ZNF683 (Hobit) and markers like CXCR6 and RGS1. Co-expression of early activation markers (CD69, NR4A2, NR4A3) and CD8+ effector chemokines (XCL1, XCL2, CCL4) indicates an activated CD8+ TRM cell.",True,50,ZFP36|ANXA1|IL7R|KLF6|RGCC|MYADM|LMNA|GPR183|TOB1|DUSP1|VIM|CD69|CCL4|CITED2|TUBA4A|SLC2A3|NR4A2|XCL1|PPP1R15A|ZNF683|ANKRD28|RGS1|S100A10|SLC7A5|REL|XCL2|ALOX5AP|GLUL|CDKN1A|PFKFB3|TSPYL2|SPRY1|AREG|ZNF331|CTD-3252C9.4|PERP|SAT1|TXNIP|H2AFX|NR4A3|SMIM3|MYBL1|NFKBIA|LGALS3|LSR|CXCR6|KLRC1|CREM|CAPG|CLU,"{""cell_type"": ""CD8+ Tissue-Resident Memory T cell (Activated)"", ""confidence"": ""High"", ""reasoning"": ""The gene list shows a strong signature for tissue-resident memory T cells (TRM), including the master regulator ZNF683 (Hobit) and markers like CXCR6 and RGS1. Co-expression of early activation markers (CD69, NR4A2, NR4A3) and CD8+ effector chemokines (XCL1, XCL2, CCL4) indicates an activated CD8+ TRM cell.""}",0.7,T,EffMem,True
CD8,CD8,CD8.c03.Tm.RPS12,CD8_EffectorMemory,standard,GZMK+ T cell,High,"The gene list is characterized by strong expression of cytotoxic lymphocyte markers GZMK, CCL5, and CCL4, along with the activation marker CD69. The high abundance of ribosomal protein transcripts (RPL/RPS) indicates high translational activity, consistent with an activated cytotoxic state.",False,50,RPL30|FAU|RPS15A|RPL39|RPL35A|RPL28|RPLP2|RPL10|RPS8|MALAT1|RPS27A|RPL34|RPL32|RPS24|RPS15|RPL7A|RPS14|RPS13|RPS28|RPL19|RPS7|RPS25|AC090498.1|RPS3|RPS21|RPS12|RPL18|RPS27|RPL11|CCL5|GZMK|CCL4|FTL|RPL23A|RPL36|DNAJB1|CCL4L2|RPL12|RPL18A|RPL24|RPS23|RPS26|HSPA1B|RPS10|CD69|RPL14|EEF1D|RPS3A|RPL31|TXNIP,"{""cell_type"": ""GZMK+ T cell"", ""confidence"": ""High"", ""reasoning"": ""The gene list is characterized by strong expression of cytotoxic lymphocyte markers GZMK, CCL5, and CCL4, along with the activation marker CD69. The high abundance of ribosomal protein transcripts (RPL/RPS) indicates high translational activity, consistent with an activated cytotoxic state.""}",0.7,T,EffMem,True
CD8,CD8,CD8.c03.Tm.RPS12,CD8_EffectorMemory,filter_only,CD8+ Exhausted T cell,High,"The gene list includes the T-cell receptor TRBV29-1, cytotoxic markers GZMK, CCL5, and CCL4, and stress/exhaustion-associated heat shock proteins HSPA1B and HSPA6. This combination is a strong signature for exhausted CD8+ T cells.",False,14,CCL5|GZMK|CCL4|CCL4L2|HSPA1B|HSPA6|PSMD5-AS1|TRBV29-1|CCL3L3|DSEL|C4orf47|NXPH4|HSPA1L|SPP1,"{""cell_type"": ""CD8+ Exhausted T cell"", ""confidence"": ""High"", ""reasoning"": ""The gene list includes the T-cell receptor TRBV29-1, cytotoxic markers GZMK, CCL5, and CCL4, and stress/exhaustion-associated heat shock proteins HSPA1B and HSPA6. This combination is a strong signature for exhausted CD8+ T cells.""}",0.7,T,EffMem,True
CD8,CD8,CD8.c03.Tm.RPS12,CD8_EffectorMemory,regex_mask,GZMK+ CD8+ T cell,High,"The gene list is dominated by markers of cytotoxic lymphocytes, including the key granzyme GZMK and multiple pro-inflammatory chemokines (CCL5, CCL4, CCL4L2). This signature is characteristic of a specific subset of effector CD8+ T cells.",False,10,CCL5|GZMK|CCL4|CCL4L2|PSMD5-AS1|CCL3L3|DSEL|C4orf47|NXPH4|SPP1,"{""cell_type"": ""GZMK+ CD8+ T cell"", ""confidence"": ""High"", ""reasoning"": ""The gene list is dominated by markers of cytotoxic lymphocytes, including the key granzyme GZMK and multiple pro-inflammatory chemokines (CCL5, CCL4, CCL4L2). This signature is characteristic of a specific subset of effector CD8+ T cells.""}",0.7,T,EffMem,True
CD8,CD8,CD8.c03.Tm.RPS12,CD8_EffectorMemory,full_core,GZMK+ Effector T cell,High,"The cell expresses GZMK, a marker for a distinct cytotoxic T cell subset. Co-expression of pro-inflammatory chemokines like CCL4, CCL4L2, and CCL3L3 confirms a potent, activated effector phenotype.",True,7,GZMK|CCL4|CCL4L2|CCL3L3|DSEL|NXPH4|SPP1,"{""cell_type"": ""GZMK+ Effector T cell"", ""confidence"": ""High"", ""reasoning"": ""The cell expresses GZMK, a marker for a distinct cytotoxic T cell subset. Co-expression of pro-inflammatory chemokines like CCL4, CCL4L2, and CCL3L3 confirms a potent, activated effector phenotype.""}",1.0,T,EffMem,True
CD8,CD8,CD8.c04.Tm.CD52,CD8_EffectorMemory,standard,CD8+ Tissue-Resident Memory T cell,High,"The gene signature includes key CD8+ T cell lineage markers (CD3E, CD8B, TRAC), potent cytotoxic effector molecules (GZMA, GZMH, CCL5), and canonical markers of tissue residency (ZNF683, HOPX).",False,50,CD52|TXNIP|SH3BGRL3|CCL5|CD99|CD2|MALAT1|GZMH|C9orf142|S100A4|IL32|GIMAP7|ACTB|MYL12A|ZNF683|PTPRCAP|MT-ND2|PPP1R18|CD3E|TBC1D10C|EMP3|LCP2|GZMA|CLIC1|ZYX|RAC2|ACTG1|GIMAP1|TRAF3IP3|S100A6|TMSB4X|ITM2B|CTSD|HOPX|GIMAP4|MT-CYB|EVL|CISH|ACAP1|HCST|B2M|LINC00861|CD8B|IFITM2|RCSD1|MT-CO1|LAT|TRAC|PFN1|S100A10,"{""cell_type"": ""CD8+ Tissue-Resident Memory T cell"", ""confidence"": ""High"", ""reasoning"": ""The gene signature includes key CD8+ T cell lineage markers (CD3E, CD8B, TRAC), potent cytotoxic effector molecules (GZMA, GZMH, CCL5), and canonical markers of tissue residency (ZNF683, HOPX).""}",0.7,T,EffMem,True
CD8,CD8,CD8.c04.Tm.CD52,CD8_EffectorMemory,filter_only,CD8+ Effector Memory T cell,High,"The gene list shows strong expression of T cell lineage markers (TRAC, CD2, LAT), potent cytotoxic molecules (GZMA, GZMH, CCL5), and key transcription factors for effector/memory differentiation (ZNF683, IKZF3), which is characteristic of a mature, cytotoxic effector memory T cell population.",False,50,CD52|TXNIP|CCL5|CD99|CD2|GZMH|C9orf142|S100A4|GIMAP7|ZNF683|PPP1R18|TBC1D10C|EMP3|LCP2|GZMA|ZYX|GIMAP1|TRAF3IP3|CTSD|HOPX|GIMAP4|CISH|ACAP1|LINC00861|IFITM2|RCSD1|LAT|TRAC|SIT1|APBB1IP|ITM2C|N4BP2L2|CCL4|GIMAP2|PPP1CA|THEMIS|TBC1D5|C12orf75|LGALS1|LIME1|TC2N|SCML4|CCL4L2|MMP25-AS1|XCL2|LUC7L3|SAMD3|ATP2B4|SYTL1|IKZF3,"{""cell_type"": ""CD8+ Effector Memory T cell"", ""confidence"": ""High"", ""reasoning"": ""The gene list shows strong expression of T cell lineage markers (TRAC, CD2, LAT), potent cytotoxic molecules (GZMA, GZMH, CCL5), and key transcription factors for effector/memory differentiation (ZNF683, IKZF3), which is characteristic of a mature, cytotoxic effector memory T cell population.""}",1.0,T,EffMem,True
CD8,CD8,CD8.c04.Tm.CD52,CD8_EffectorMemory,regex_mask,CD8+ Effector Memory T cell,High,"The gene list shows a strong T-cell signature (TRAC, CD2, LAT, LCP2) combined with potent cytotoxic effector markers (GZMA, GZMH, CCL5, CCL4). The presence of markers like S100A4 and ZNF683, coupled with the absence of naive markers (e.g., CCR7, SELL), strongly indicates an effector memory phenotype.",False,50,CD52|TXNIP|CCL5|CD99|CD2|GZMH|C9orf142|S100A4|GIMAP7|ZNF683|PPP1R18|TBC1D10C|EMP3|LCP2|GZMA|ZYX|GIMAP1|TRAF3IP3|CTSD|HOPX|GIMAP4|CISH|ACAP1|IFITM2|RCSD1|LAT|TRAC|SIT1|APBB1IP|ITM2C|N4BP2L2|CCL4|GIMAP2|PPP1CA|THEMIS|TBC1D5|C12orf75|LGALS1|LIME1|TC2N|SCML4|CCL4L2|MMP25-AS1|XCL2|LUC7L3|SAMD3|ATP2B4|SYTL1|IKZF3|PLEKHJ1,"{""cell_type"": ""CD8+ Effector Memory T cell"", ""confidence"": ""High"", ""reasoning"": ""The gene list shows a strong T-cell signature (TRAC, CD2, LAT, LCP2) combined with potent cytotoxic effector markers (GZMA, GZMH, CCL5, CCL4). The presence of markers like S100A4 and ZNF683, coupled with the absence of naive markers (e.g., CCR7, SELL), strongly indicates an effector memory phenotype.""}",1.0,T,EffMem,True
CD8,CD8,CD8.c04.Tm.CD52,CD8_EffectorMemory,full_core,Cytotoxic Gamma-Delta T cell,High,"The cell expresses the gamma-delta T cell receptor chain `TRGC2`, indicating a γδ T cell lineage. It also shows a strong cytotoxic profile with high expression of `GZMH`, `GZMA`, and `NKG7`, and markers associated with tissue residency like `ZNF683`.",True,32,TXNIP|GZMH|S100A4|ZNF683|GZMA|HOPX|CISH|TRAC|ITM2C|CCL4|PPP1CA|C12orf75|LGALS1|CCL4L2|XCL2|CXCR3|APOBEC3H|NKG7|TNF|FCRL6|EOMES|KLRD1|XCL1|MYBL1|DUSP6|TRGC2|FASLG|KCNQ1OT1|MS4A1|FGFBP2|CES1|CD9,"{""cell_type"": ""Cytotoxic Gamma-Delta T cell"", ""confidence"": ""High"", ""reasoning"": ""The cell expresses the gamma-delta T cell receptor chain `TRGC2`, indicating a γδ T cell lineage. It also shows a strong cytotoxic profile with high expression of `GZMH`, `GZMA`, and `NKG7`, and markers associated with tissue residency like `ZNF683`.""}",1.0,T,EffMem,True
CD8,CD8,CD8.c05.Tem.CXCR5,CD8_EffectorMemory,standard,GZMK+ Effector Memory T cell,High,"The gene list shows a strong signature for cytotoxic T cells (GZMK, GZMA, CST7, KLRG1) with an effector memory phenotype (CD44). The presence of GZMK and CST7 is characteristic of a specific effector subset. The cells also show signs of activation, indicated by the expression of MHC class II molecules (HLA-DRB1, CD74) and immediate early genes (NR4A2, FOSB).",False,50,GZMK|CST7|DUSP2|CD74|CXCR4|RPL13|CMC1|RPL23A|YPEL5|TUBA4A|RPS15A|CLDND1|H3F3B|GZMM|CD44|SH2D1A|EIF1|RPS25|NR4A2|BTG1|DNAJB1|MARCKSL1|HLA-DQA1|KLRG1|TRAT1|RNF19A|RPL28|HLA-DPA1|CCL4|PIK3R1|ENC1|RPL3|HLA-DPB1|HLA-A|CRTAM|RPL10|DNAJA1|BRD2|RPS3|HLA-DRB1|NFATC2|FOSB|AMD1|CD5|GZMA|TMEM2|TC2N|RPL27A|CALM2|TNFSF9,"{""cell_type"": ""GZMK+ Effector Memory T cell"", ""confidence"": ""High"", ""reasoning"": ""The gene list shows a strong signature for cytotoxic T cells (GZMK, GZMA, CST7, KLRG1) with an effector memory phenotype (CD44). The presence of GZMK and CST7 is characteristic of a specific effector subset. The cells also show signs of activation, indicated by the expression of MHC class II molecules (HLA-DRB1, CD74) and immediate early genes (NR4A2, FOSB).""}",1.0,T,EffMem,True
CD8,CD8,CD8.c05.Tem.CXCR5,CD8_EffectorMemory,filter_only,GZMK+ Effector T cell,High,"The gene list shows strong expression of T-cell markers (CD5, TRAT1), cytotoxic molecules (GZMK, GZMA, GZMM, CST7), and effector/memory markers (KLRG1, CD44). The presence of GZMK is a key feature defining this specific effector subtype. Additionally, the high expression of MHC class II genes (HLA-DRB1, HLA-DPA1, CD74) indicates a state of high activation.",False,50,GZMK|CST7|DUSP2|CD74|CXCR4|CMC1|YPEL5|TUBA4A|CLDND1|GZMM|CD44|SH2D1A|NR4A2|DNAJB1|MARCKSL1|HLA-DQA1|KLRG1|TRAT1|RNF19A|HLA-DPA1|CCL4|PIK3R1|ENC1|HLA-DPB1|CRTAM|DNAJA1|BRD2|HLA-DRB1|NFATC2|FOSB|AMD1|CD5|GZMA|TMEM2|TC2N|RPL27A|CALM2|TNFSF9|COTL1|ITM2C|OAZ1|ITM2A|MAP1LC3B|SARAF|GPR183|PNRC1|CD27|AOAH|MYADM|RGCC,"{""cell_type"": ""GZMK+ Effector T cell"", ""confidence"": ""High"", ""reasoning"": ""The gene list shows strong expression of T-cell markers (CD5, TRAT1), cytotoxic molecules (GZMK, GZMA, GZMM, CST7), and effector/memory markers (KLRG1, CD44). The presence of GZMK is a key feature defining this specific effector subtype. Additionally, the high expression of MHC class II genes (HLA-DRB1, HLA-DPA1, CD74) indicates a state of high activation.""}",1.0,T,EffMem,True
CD8,CD8,CD8.c05.Tem.CXCR5,CD8_EffectorMemory,regex_mask,GZMK+ CD8+ Effector Memory T cell,High,"The gene list shows a strong signature for cytotoxic T cells (GZMA, GZMK, GZMM, EOMES) of the CD8+ lineage. The presence of KLRG1 and CD44 indicates an effector memory or terminally differentiated state. GZMK is a key marker for a specific subset of effector memory T cells, and the co-expression of activation markers (e.g., NR4A2) and MHC-II genes (e.g., HLA-DRB1, CD74) points to a highly activated phenotype.",False,50,GZMK|CST7|DUSP2|CD74|CXCR4|CMC1|YPEL5|TUBA4A|CLDND1|GZMM|CD44|SH2D1A|NR4A2|DNAJB1|MARCKSL1|HLA-DQA1|KLRG1|TRAT1|RNF19A|HLA-DPA1|CCL4|PIK3R1|ENC1|HLA-DPB1|CRTAM|DNAJA1|BRD2|HLA-DRB1|NFATC2|AMD1|CD5|GZMA|TMEM2|TC2N|CALM2|TNFSF9|COTL1|ITM2C|OAZ1|ITM2A|MAP1LC3B|SARAF|GPR183|PNRC1|CD27|AOAH|MYADM|RGCC|DKK3|EOMES,"{""cell_type"": ""GZMK+ CD8+ Effector Memory T cell"", ""confidence"": ""High"", ""reasoning"": ""The gene list shows a strong signature for cytotoxic T cells (GZMA, GZMK, GZMM, EOMES) of the CD8+ lineage. The presence of KLRG1 and CD44 indicates an effector memory or terminally differentiated state. GZMK is a key marker for a specific subset of effector memory T cells, and the co-expression of activation markers (e.g., NR4A2) and MHC-II genes (e.g., HLA-DRB1, CD74) points to a highly activated phenotype.""}",1.0,T,EffMem,True
CD8,CD8,CD8.c05.Tem.CXCR5,CD8_EffectorMemory,full_core,CD8+ Exhausted T cell,High,"The gene list shows a strong signature for cytotoxicity (GZMK, GZMA, KLRG1, EOMES) and T cell exhaustion (NR4A1, NR4A2, NR4A3, DUSP1). The co-expression of multiple MHC class II genes (HLA-DRA, HLA-DRB1, CD74) is characteristic of highly activated or exhausted T cells.",True,50,GZMK|CD74|CMC1|TUBA4A|SH2D1A|NR4A2|DNAJB1|MARCKSL1|HLA-DQA1|KLRG1|HLA-DPA1|CCL4|ENC1|CRTAM|DNAJA1|HLA-DRB1|GZMA|TNFSF9|COTL1|ITM2C|ITM2A|GPR183|CD27|MYADM|RGCC|DKK3|EOMES|DUSP1|NEU1|CNN2|CCR7|DTHD1|NR4A3|HLA-DRA|HLA-DQB1|CALR|CCL4L2|CCL3L3|ARL6IP1|NR4A1|ZNF331|TRMO|PPP1R15A|PECAM1|KLF2|HMGA1|HLA-DRB5|DUSP4|IFNG|KLF6,"{""cell_type"": ""CD8+ Exhausted T cell"", ""confidence"": ""High"", ""reasoning"": ""The gene list shows a strong signature for cytotoxicity (GZMK, GZMA, KLRG1, EOMES) and T cell exhaustion (NR4A1, NR4A2, NR4A3, DUSP1). The co-expression of multiple MHC class II genes (HLA-DRA, HLA-DRB1, CD74) is characteristic of highly activated or exhausted T cells.""}",0.7,T,EffMem,True
CD8,CD8,CD8.c06.Tem.GZMK,CD8_EffectorMemory,standard,CD8+ Effector Memory T cell,High,"The gene list includes canonical CD8+ T cell markers (CD8A, CD8B), a strong cytotoxic signature (GZMA, GZMK, GZMH, NKG7, CCL5), and markers of chronic activation such as the full MHC Class II complex (HLA-DRA, HLA-DRB1, HLA-DPA1, HLA-DPB1, CD74), which is characteristic of antigen-experienced effector memory T cells.",False,50,GZMK|HLA-DPA1|HLA-DPB1|CD74|HLA-DRB1|GZMA|HLA-DRB5|CCL5|HLA-DRA|HLA-DQA1|COTL1|CST7|GZMH|HLA-A|ARHGDIB|DUSP2|HLA-DQB1|CD8A|ITM2A|SUB1|TRAT1|ITM2C|PIK3R1|CORO1A|CCL4|RNF19A|CLIC1|ITGB2|RARRES3|APOBEC3G|PTPRCAP|IL32|MCL1|CNN2|CRTAM|TMSB4X|SH2D1A|TERF2IP|SELPLG|CD44|LEPROTL1|NKG7|CLEC2B|CD8B|GYG1|RGCC|ANXA1|HLA-C|CD27|YWHAB,"{""cell_type"": ""CD8+ Effector Memory T cell"", ""confidence"": ""High"", ""reasoning"": ""The gene list includes canonical CD8+ T cell markers (CD8A, CD8B), a strong cytotoxic signature (GZMA, GZMK, GZMH, NKG7, CCL5), and markers of chronic activation such as the full MHC Class II complex (HLA-DRA, HLA-DRB1, HLA-DPA1, HLA-DPB1, CD74), which is characteristic of antigen-experienced effector memory T cells.""}",1.0,T,EffMem,True
CD8,CD8,CD8.c06.Tem.GZMK,CD8_EffectorMemory,filter_only,CD8+ Effector T cell,High,"The gene list shows strong co-expression of CD8 lineage markers (CD8A, CD8B), a comprehensive cytotoxicity signature (GZMA, GZMK, GZMH, NKG7, CCL5), and markers of T cell activation, including a full MHC Class II complex (HLA-DRA, HLA-DRB1, HLA-DPA1, HLA-DPB1, CD74), which is characteristic of activated human CD8+ T cells.",False,50,GZMK|HLA-DPA1|HLA-DPB1|CD74|HLA-DRB1|GZMA|HLA-DRB5|CCL5|HLA-DRA|HLA-DQA1|COTL1|CST7|GZMH|ARHGDIB|DUSP2|HLA-DQB1|CD8A|ITM2A|SUB1|TRAT1|ITM2C|PIK3R1|CORO1A|CCL4|RNF19A|CLIC1|ITGB2|RARRES3|APOBEC3G|PTPRCAP|IL32|MCL1|CNN2|CRTAM|SH2D1A|TERF2IP|SELPLG|CD44|LEPROTL1|NKG7|CLEC2B|CD8B|GYG1|RGCC|ANXA1|CD27|YWHAB|HLA-DMA|CXCR4|LCP1,"{""cell_type"": ""CD8+ Effector T cell"", ""confidence"": ""High"", ""reasoning"": ""The gene list shows strong co-expression of CD8 lineage markers (CD8A, CD8B), a comprehensive cytotoxicity signature (GZMA, GZMK, GZMH, NKG7, CCL5), and markers of T cell activation, including a full MHC Class II complex (HLA-DRA, HLA-DRB1, HLA-DPA1, HLA-DPB1, CD74), which is characteristic of activated human CD8+ T cells.""}",1.0,T,EffMem,True
CD8,CD8,CD8.c06.Tem.GZMK,CD8_EffectorMemory,regex_mask,Activated CD8+ T cell,High,"The gene list shows strong co-expression of CD8 lineage markers (CD8A, CD8B), cytotoxic effector molecules (GZMA, GZMK, GZMH, NKG7, CCL5), and a complete MHC Class II signature (HLA-DR/DP/DQ genes, CD74), which is a hallmark of T cell activation.",False,50,GZMK|HLA-DPA1|HLA-DPB1|CD74|HLA-DRB1|GZMA|HLA-DRB5|CCL5|HLA-DRA|HLA-DQA1|COTL1|CST7|GZMH|ARHGDIB|DUSP2|HLA-DQB1|CD8A|ITM2A|SUB1|TRAT1|ITM2C|PIK3R1|CORO1A|CCL4|RNF19A|CLIC1|ITGB2|RARRES3|APOBEC3G|PTPRCAP|IL32|MCL1|CNN2|CRTAM|SH2D1A|TERF2IP|SELPLG|CD44|LEPROTL1|NKG7|CLEC2B|CD8B|GYG1|RGCC|ANXA1|CD27|YWHAB|HLA-DMA|CXCR4|LCP1,"{""cell_type"": ""Activated CD8+ T cell"", ""confidence"": ""High"", ""reasoning"": ""The gene list shows strong co-expression of CD8 lineage markers (CD8A, CD8B), cytotoxic effector molecules (GZMA, GZMK, GZMH, NKG7, CCL5), and a complete MHC Class II signature (HLA-DR/DP/DQ genes, CD74), which is a hallmark of T cell activation.""}",1.0,T,EffMem,True
CD8,CD8,CD8.c06.Tem.GZMK,CD8_EffectorMemory,full_core,CD8+ Activated Cytotoxic T cell,High,"The cell expresses canonical CD8+ T cell markers (CD8A, CD8B, TRBC2) and strong cytotoxic/effector markers (GZMA, GZMK, GZMH, NKG7). The co-expression of a full suite of MHC Class II genes (HLA-DRA, HLA-DRB1, HLA-DQA1, HLA-DQB1, CD74) is a hallmark of a highly activated state.",True,50,GZMK|HLA-DPA1|CD74|HLA-DRB1|GZMA|HLA-DRB5|HLA-DRA|HLA-DQA1|COTL1|GZMH|HLA-DQB1|CD8A|ITM2A|SUB1|ITM2C|CORO1A|CCL4|CNN2|CRTAM|SH2D1A|NKG7|CD8B|GYG1|RGCC|ANXA1|CD27|HLA-DMA|IDH2|CFL1|DUSP4|ANXA5|C12orf75|APOBEC3H|TRBC2|MYADM|CALM3|KLRG1|CXCR3|GBP5|TUBA4A|PPP1CA|TESC|ICOS|LYST|CCL4L2|PSMB10|ZNF331|RGS1|UBC|ENC1,"{""cell_type"": ""CD8+ Activated Cytotoxic T cell"", ""confidence"": ""High"", ""reasoning"": ""The cell expresses canonical CD8+ T cell markers (CD8A, CD8B, TRBC2) and strong cytotoxic/effector markers (GZMA, GZMK, GZMH, NKG7). The co-expression of a full suite of MHC Class II genes (HLA-DRA, HLA-DRB1, HLA-DQA1, HLA-DQB1, CD74) is a hallmark of a highly activated state.""}",1.0,T,EffMem,True
CD8,CD8,CD8.c07.Temra.CX3CR1,CD8_Effector,standard,Mature Cytotoxic NK cell,High,"The gene list shows a strong cytotoxic signature (NKG7, GZMH, PRF1, GNLY, GZMB) combined with canonical markers for mature Natural Killer (NK) cells, such as FCGR3A (CD16) and FGFBP2. The absence of T-cell lineage markers (like CD3D/E/G) confirms the NK cell identity.",False,50,FGFBP2|NKG7|GZMH|PRF1|FCGR3A|KLRD1|ITGB2|GNLY|GZMB|FLNA|TMSB10|CST7|S1PR5|KLF3|SPON2|ADGRG1|HLA-E|AES|SELPLG|HLA-C|S100A4|HLA-B|RPL21|PRSS23|LITAF|BIN2|KLRG1|CALM1|GZMM|P2RY8|ITGB1|RPL3|CTSW|ZEB2|FCRL6|KLF2|B2M|PLAC8|IER2|IFITM1|TPST2|DSTN|RAP1B|ARPC2|PLEK|IFITM2|EFHD2|C1orf21|TGFB1|RPL26,"{""cell_type"": ""Mature Cytotoxic NK cell"", ""confidence"": ""High"", ""reasoning"": ""The gene list shows a strong cytotoxic signature (NKG7, GZMH, PRF1, GNLY, GZMB) combined with canonical markers for mature Natural Killer (NK) cells, such as FCGR3A (CD16) and FGFBP2. The absence of T-cell lineage markers (like CD3D/E/G) confirms the NK cell identity.""}",0.0,T,EffMem,True
CD8,CD8,CD8.c07.Temra.CX3CR1,CD8_Effector,filter_only,Mature Cytotoxic NK cell,High,"The gene list shows strong expression of canonical cytotoxicity markers (GZMB, GZMH, PRF1, GNLY) and key NK cell markers (FCGR3A, FGFBP2, KLRD1), while lacking definitive T cell lineage markers.",False,50,FGFBP2|NKG7|GZMH|PRF1|FCGR3A|KLRD1|ITGB2|GNLY|GZMB|FLNA|CST7|S1PR5|KLF3|SPON2|ADGRG1|AES|SELPLG|S100A4|PRSS23|LITAF|BIN2|KLRG1|CALM1|GZMM|P2RY8|ITGB1|CTSW|ZEB2|FCRL6|KLF2|PLAC8|IER2|IFITM1|TPST2|DSTN|RAP1B|ARPC2|PLEK|IFITM2|EFHD2|C1orf21|TGFB1|LRRFIP1|BHLHE40|TGFBR3|EMP3|LPCAT1|SUN2|TNFRSF1B|CYBA,"{""cell_type"": ""Mature Cytotoxic NK cell"", ""confidence"": ""High"", ""reasoning"": ""The gene list shows strong expression of canonical cytotoxicity markers (GZMB, GZMH, PRF1, GNLY) and key NK cell markers (FCGR3A, FGFBP2, KLRD1), while lacking definitive T cell lineage markers.""}",0.0,T,EffMem,True
CD8,CD8,CD8.c07.Temra.CX3CR1,CD8_Effector,regex_mask,Mature Cytotoxic NK cell,High,"The gene list shows strong expression of canonical cytotoxicity markers (GZMB, GZMH, PRF1, GNLY) and key NK cell markers (FCGR3A, FGFBP2, KLRD1), while lacking definitive T cell lineage markers.",False,50,FGFBP2|NKG7|GZMH|PRF1|FCGR3A|KLRD1|ITGB2|GNLY|GZMB|FLNA|CST7|S1PR5|KLF3|SPON2|ADGRG1|AES|SELPLG|S100A4|PRSS23|LITAF|BIN2|KLRG1|CALM1|GZMM|P2RY8|ITGB1|CTSW|ZEB2|FCRL6|KLF2|PLAC8|IER2|IFITM1|TPST2|DSTN|RAP1B|ARPC2|PLEK|IFITM2|EFHD2|C1orf21|TGFB1|LRRFIP1|BHLHE40|TGFBR3|EMP3|LPCAT1|SUN2|TNFRSF1B|CYBA,"{""cell_type"": ""Mature Cytotoxic NK cell"", ""confidence"": ""High"", ""reasoning"": ""The gene list shows strong expression of canonical cytotoxicity markers (GZMB, GZMH, PRF1, GNLY) and key NK cell markers (FCGR3A, FGFBP2, KLRD1), while lacking definitive T cell lineage markers.""}",0.0,T,EffMem,True
CD8,CD8,CD8.c07.Temra.CX3CR1,CD8_Effector,full_core,CD8+ Temra T cell,High,"The gene list shows a strong signature for cytotoxicity (GZMB, GZMH, PRF1, GNLY, NKG7, FGFBP2) and terminal differentiation (KLRG1, CX3CR1, FCGR3A), which is characteristic of CD8+ Terminally Differentiated Effector Memory (Temra) T cells. The presence of TRBC1 confirms the T cell lineage.",True,50,FGFBP2|NKG7|GZMH|PRF1|FCGR3A|KLRD1|GNLY|GZMB|FLNA|S1PR5|KLF3|SPON2|ADGRG1|S100A4|PRSS23|KLRG1|ITGB1|CTSW|FCRL6|KLF2|PLAC8|ARPC2|PLEK|EFHD2|BHLHE40|CX3CR1|C12orf75|DDIT4|RASGRP2|CLIC3|S1PR1|ENC1|TUBA4A|LDHA|S100A10|YBX1|FGL2|YWHAQ|GLUL|CFL1|ANXA1|KLRF1|NR4A3|BPGM|PPP1CA|LYN|PTGER2|TRBC1|HOPX|LGALS1,"{""cell_type"": ""CD8+ Temra T cell"", ""confidence"": ""High"", ""reasoning"": ""The gene list shows a strong signature for cytotoxicity (GZMB, GZMH, PRF1, GNLY, NKG7, FGFBP2) and terminal differentiation (KLRG1, CX3CR1, FCGR3A), which is characteristic of CD8+ Terminally Differentiated Effector Memory (Temra) T cells. The presence of TRBC1 confirms the T cell lineage.""}",1.0,T,EffMem,True
CD8,CD8,CD8.c08.Tk.TYROBP,CD8_Effector,standard,Vδ1 Gamma-delta T cell,High,"The presence of the T-cell receptor gene TRDV1 is a highly specific marker for Vδ1 Gamma-delta T cells. This identification is strongly supported by a cytotoxic signature (PRF1, GZMM, CST7, NKG7) and the expression of multiple NK-like receptors (KLRD1, KLRF1, KLRG1, KLRC3).",False,50,KLRD1|CST7|PIK3R1|CMC1|TYROBP|LITAF|NKG7|DUSP2|FAM177A1|PRF1|RPS6|KLRF1|TUBA4A|ISG20|RPL3|RPS3|GZMM|AOAH|EEF1A1|HLA-B|RPL27A|RPS14|CALM1|KLRG1|PLAC8|ZFP36|IER2|RPL8|APMAP|S1PR5|FCGR3A|RPS12|MT-ND3|TGFB1|RPL21|MT-CO3|MT-ATP8|SH2D2A|FYN|KLRC3|TMEM2|IFNGR1|RPS3A|RNF125|SYTL3|LPCAT1|RPL10|IFITM2|MT-CO2|TRDV1,"{""cell_type"": ""Vδ1 Gamma-delta T cell"", ""confidence"": ""High"", ""reasoning"": ""The presence of the T-cell receptor gene TRDV1 is a highly specific marker for Vδ1 Gamma-delta T cells. This identification is strongly supported by a cytotoxic signature (PRF1, GZMM, CST7, NKG7) and the expression of multiple NK-like receptors (KLRD1, KLRF1, KLRG1, KLRC3).""}",0.7,T,EffMem,True
CD8,CD8,CD8.c08.Tk.TYROBP,CD8_Effector,filter_only,NK cell (ISG-high),High,"The gene list shows strong expression of canonical NK cell markers (KLRD1, NKG7, KLRF1, FCGR3A/CD16) and cytotoxic molecules (PRF1, GZMM, CST7). The presence of ISG20 and IFITM2 indicates an interferon-stimulated state.",False,50,KLRD1|CST7|PIK3R1|CMC1|TYROBP|LITAF|NKG7|DUSP2|FAM177A1|PRF1|KLRF1|TUBA4A|ISG20|GZMM|AOAH|RPL27A|CALM1|KLRG1|PLAC8|ZFP36|IER2|APMAP|S1PR5|FCGR3A|MT-ND3|TGFB1|MT-CO3|MT-ATP8|SH2D2A|FYN|KLRC3|TMEM2|IFNGR1|RNF125|SYTL3|LPCAT1|IFITM2|TRDV1|PABPC1|KIR2DL3|VPS37B|EEF1B2|RPL37|MT-CYB|FCMR|RPL37A|CYBA|AIM1|NR4A2|CREM,"{""cell_type"": ""NK cell (ISG-high)"", ""confidence"": ""High"", ""reasoning"": ""The gene list shows strong expression of canonical NK cell markers (KLRD1, NKG7, KLRF1, FCGR3A/CD16) and cytotoxic molecules (PRF1, GZMM, CST7). The presence of ISG20 and IFITM2 indicates an interferon-stimulated state.""}",0.0,T,EffMem,True
CD8,CD8,CD8.c08.Tk.TYROBP,CD8_Effector,regex_mask,NK cell,High,"The gene list is dominated by canonical markers for Natural Killer (NK) cells, including multiple Killer Cell Lectin Like Receptors (KLRD1, KLRF1, KLRC3, KLRG1), KIR2DL3, and the key cytotoxic NK cell marker FCGR3A (CD16). This is strongly supported by the expression of cytotoxicity-related genes such as NKG7, PRF1, GZMM, and CST7.",False,50,KLRD1|CST7|PIK3R1|CMC1|TYROBP|LITAF|NKG7|DUSP2|FAM177A1|PRF1|KLRF1|TUBA4A|ISG20|GZMM|AOAH|CALM1|KLRG1|PLAC8|ZFP36|IER2|APMAP|S1PR5|FCGR3A|TGFB1|SH2D2A|FYN|KLRC3|TMEM2|IFNGR1|RNF125|SYTL3|LPCAT1|IFITM2|PABPC1|KIR2DL3|VPS37B|FCMR|CYBA|AIM1|NR4A2|CREM|ENC1|FTL|SKIL|CXCR4|C1orf21|ZFP36L2|DDIT4|HCST|AKNA,"{""cell_type"": ""NK cell"", ""confidence"": ""High"", ""reasoning"": ""The gene list is dominated by canonical markers for Natural Killer (NK) cells, including multiple Killer Cell Lectin Like Receptors (KLRD1, KLRF1, KLRC3, KLRG1), KIR2DL3, and the key cytotoxic NK cell marker FCGR3A (CD16). This is strongly supported by the expression of cytotoxicity-related genes such as NKG7, PRF1, GZMM, and CST7.""}",0.0,T,EffMem,True
CD8,CD8,CD8.c08.Tk.TYROBP,CD8_Effector,full_core,NK cell,High,"The cell expresses a canonical signature of Natural Killer (NK) cells, including cytotoxicity markers (NKG7, PRF1, GZMB, GNLY), NK-specific receptors (FCGR3A/CD16, NCR1, NCR3), and numerous Killer-cell Immunoglobulin-like (KIR) and Killer-cell Lectin-like (KLR) receptors (e.g., KLRD1, KLRF1, KIR2DL3).",True,50,KLRD1|CMC1|TYROBP|NKG7|PRF1|KLRF1|TUBA4A|KLRG1|PLAC8|ZFP36|S1PR5|FCGR3A|KLRC3|IFNGR1|KIR2DL3|NR4A2|CREM|ENC1|DDIT4|GNLY|KIR3DL1|KIR3DL2|NR4A3|KLF3|HOPX|FCRL6|NCR1|AREG|XCL2|KLF2|IKZF2|CCL4|NCR3|CRTAM|CTSW|PLEK|GZMH|DUSP1|ZNF331|FLNA|GZMB|RP11-277P12.6|CD160|KLRC2|LMNA|KLRB1|YBX3|CHMP1B|DUSP5|TRGC2,"{""cell_type"": ""NK cell"", ""confidence"": ""High"", ""reasoning"": ""The cell expresses a canonical signature of Natural Killer (NK) cells, including cytotoxicity markers (NKG7, PRF1, GZMB, GNLY), NK-specific receptors (FCGR3A/CD16, NCR1, NCR3), and numerous Killer-cell Immunoglobulin-like (KIR) and Killer-cell Lectin-like (KLR) receptors (e.g., KLRD1, KLRF1, KIR2DL3).""}",0.0,T,EffMem,True
CD8,CD8,CD8.c09.Tk.KIR2DL4,CD8_Effector,standard,Activated NK cell,High,"The gene list shows strong expression of canonical NK cell markers, including multiple Killer-cell immunoglobulin-like receptors (KIR2DL3, KIR2DL4, KIR3DL2) and C-type lectin receptors (KLRD1, KLRC2, KLRC3). The cytotoxic nature is confirmed by GNLY, CTSW, and SRGN. The activated state is indicated by the presence of immediate early genes (FOS, IER2, NR4A2, NR4A3) and chemokines (XCL1, XCL2, CCL4).",False,50,KLRD1|TYROBP|PIK3R1|XCL1|CD7|KLRC3|XCL2|LITAF|ZFP36|CTSW|SRGN|GNLY|KLRC2|AREG|KIR2DL3|CD63|IFITM2|LMNA|NR4A2|HOPX|ZFP36L2|KIR2DL4|DUSP2|MCL1|SLA2|IDI1|KIR3DL2|FOS|FOSL2|VPS37B|SYTL3|SCML4|REL|TUBA4A|RNF125|GLUL|FYN|FAM177A1|MATK|NR4A3|MT-ND4|SLC16A3|TSC22D3|TAGLN2|AOAH|ADGRE5|CCL4|CREM|ARHGAP9|IER2,"{""cell_type"": ""Activated NK cell"", ""confidence"": ""High"", ""reasoning"": ""The gene list shows strong expression of canonical NK cell markers, including multiple Killer-cell immunoglobulin-like receptors (KIR2DL3, KIR2DL4, KIR3DL2) and C-type lectin receptors (KLRD1, KLRC2, KLRC3). The cytotoxic nature is confirmed by GNLY, CTSW, and SRGN. The activated state is indicated by the presence of immediate early genes (FOS, IER2, NR4A2, NR4A3) and chemokines (XCL1, XCL2, CCL4).""}",0.0,T,EffMem,True
CD8,CD8,CD8.c09.Tk.KIR2DL4,CD8_Effector,filter_only,NK cell (Activated),High,"The gene list shows a strong signature for Natural Killer (NK) cells, including multiple KIR (KIR2DL3, KIR2DL4, KIR3DL2) and KLR (KLRD1, KLRC3, KLRC2) family members, alongside cytotoxic markers like GNLY and CTSW. The co-expression of numerous immediate early genes (FOS, NR4A2, NR4A3, IER2) and chemokines (XCL1, XCL2, CCL4) indicates a robustly activated state.",False,50,KLRD1|TYROBP|PIK3R1|XCL1|CD7|KLRC3|XCL2|LITAF|ZFP36|CTSW|GNLY|KLRC2|AREG|KIR2DL3|CD63|IFITM2|LMNA|NR4A2|HOPX|ZFP36L2|KIR2DL4|DUSP2|MCL1|SLA2|IDI1|KIR3DL2|FOS|FOSL2|VPS37B|SYTL3|SCML4|REL|TUBA4A|RNF125|GLUL|FYN|FAM177A1|MATK|NR4A3|MT-ND4|SLC16A3|TSC22D3|TAGLN2|AOAH|ADGRE5|CCL4|CREM|ARHGAP9|IER2|ABCB1,"{""cell_type"": ""NK cell (Activated)"", ""confidence"": ""High"", ""reasoning"": ""The gene list shows a strong signature for Natural Killer (NK) cells, including multiple KIR (KIR2DL3, KIR2DL4, KIR3DL2) and KLR (KLRD1, KLRC3, KLRC2) family members, alongside cytotoxic markers like GNLY and CTSW. The co-expression of numerous immediate early genes (FOS, NR4A2, NR4A3, IER2) and chemokines (XCL1, XCL2, CCL4) indicates a robustly activated state.""}",0.0,T,EffMem,True
CD8,CD8,CD8.c09.Tk.KIR2DL4,CD8_Effector,regex_mask,Natural Killer cell (Activated),High,"The gene list is dominated by canonical NK cell markers, including multiple Killer Immunoglobulin-like Receptors (KIR2DL3, KIR3DL2) and Killer cell lectin-like receptors (KLRD1, KLRC2, KLRC3). It also includes key NK signaling (TYROBP) and cytotoxic effector molecules (GNLY, CTSW), alongside numerous immediate-early genes (NR4A2, ZFP36, IER2) indicating an activated state.",False,50,KLRD1|TYROBP|PIK3R1|XCL1|CD7|KLRC3|XCL2|LITAF|ZFP36|CTSW|GNLY|KLRC2|AREG|KIR2DL3|CD63|IFITM2|LMNA|NR4A2|HOPX|ZFP36L2|KIR2DL4|DUSP2|MCL1|SLA2|IDI1|KIR3DL2|VPS37B|SYTL3|SCML4|REL|TUBA4A|RNF125|GLUL|FYN|FAM177A1|MATK|NR4A3|SLC16A3|TSC22D3|TAGLN2|AOAH|ADGRE5|CCL4|CREM|ARHGAP9|IER2|ABCB1|SYAP1|MAFF|ZEB2,"{""cell_type"": ""Natural Killer cell (Activated)"", ""confidence"": ""High"", ""reasoning"": ""The gene list is dominated by canonical NK cell markers, including multiple Killer Immunoglobulin-like Receptors (KIR2DL3, KIR3DL2) and Killer cell lectin-like receptors (KLRD1, KLRC2, KLRC3). It also includes key NK signaling (TYROBP) and cytotoxic effector molecules (GNLY, CTSW), alongside numerous immediate-early genes (NR4A2, ZFP36, IER2) indicating an activated state.""}",0.0,T,EffMem,True
CD8,CD8,CD8.c09.Tk.KIR2DL4,CD8_Effector,full_core,Natural Killer T (NKT) cell,High,"The cell expresses the T cell receptor constant chain TRBC1, confirming its T cell lineage, alongside a canonical suite of Natural Killer (NK) cell markers including cytotoxicity genes (GNLY, PRF1, CTSW), KIRs (KIR2DL3, KIR3DL2, etc.), KLRs (KLRD1, KLRC2, KLRC3), and Natural Cytotoxicity Receptors (NCR1, NCR3). This combination is the hallmark of an NKT cell.",True,50,KLRD1|TYROBP|XCL1|KLRC3|XCL2|ZFP36|CTSW|GNLY|KLRC2|AREG|KIR2DL3|LMNA|NR4A2|HOPX|KIR2DL4|KIR3DL2|REL|TUBA4A|GLUL|NR4A3|SLC16A3|CCL4|CREM|RP11-277P12.6|LYN|PRF1|MAP3K8|NCR3|IFNGR1|DDIT4|IKZF2|ALOX5AP|IL2RB|LGALS1|KIR3DL1|FCRL6|ZNF331|MYADM|PDE4A|GSTP1|RP11-291B21.2|CDKN1A|CD160|LAT2|NCAM1|S100A10|TRBC1|BHLHE40|DUSP5|NCR1,"{""cell_type"": ""Natural Killer T (NKT) cell"", ""confidence"": ""High"", ""reasoning"": ""The cell expresses the T cell receptor constant chain TRBC1, confirming its T cell lineage, alongside a canonical suite of Natural Killer (NK) cell markers including cytotoxicity genes (GNLY, PRF1, CTSW), KIRs (KIR2DL3, KIR3DL2, etc.), KLRs (KLRD1, KLRC2, KLRC3), and Natural Cytotoxicity Receptors (NCR1, NCR3). This combination is the hallmark of an NKT cell.""}",0.0,T,EffMem,True
CD8,CD8,CD8.c10.Trm.ZNF683,CD8_EffectorMemory,standard,Tissue-Resident Memory T cell,High,"The gene list includes a canonical signature for Tissue-Resident Memory T cells (TRM), including the key transcription factors ZNF683 (Hobit) and HOPX, and surface markers ITGA1 (CD49a) and CXCR6.",False,50,TMSB4X|ARHGDIB|ZFP36L2|VIM|CAPG|CD52|HOPX|S100A4|SH3BGRL3|LDLRAD4|ANXA1|OSTF1|ZNF683|ACTB|RGCC|SAMSN1|ZFP36|ITGA1|S100A6|GLIPR1|XCL1|RAC2|PTGER4|LGALS3|PFKFB3|GPR183|CXCR4|IL32|TOB1|CD7|ANXA2|ALOX5AP|CLIC1|GAPDH|FAM46C|MYL12A|MCL1|CXCR6|CD55|MYL12B|LEPROTL1|PGK1|CD53|CFL1|ARHGAP9|CD2|LCP1|CKLF|MYADM|FTH1,"{""cell_type"": ""Tissue-Resident Memory T cell"", ""confidence"": ""High"", ""reasoning"": ""The gene list includes a canonical signature for Tissue-Resident Memory T cells (TRM), including the key transcription factors ZNF683 (Hobit) and HOPX, and surface markers ITGA1 (CD49a) and CXCR6.""}",0.7,T,EffMem,True
CD8,CD8,CD8.c10.Trm.ZNF683,CD8_EffectorMemory,filter_only,CD8+ Tissue-Resident Memory T cell,High,"Strong expression of canonical T cell markers (CD2, CD7) and a definitive signature for tissue-resident memory (TRM) T cells, including the transcription factor ZNF683 (Hobit) and surface markers ITGA1 (CD49a) and CXCR6.",False,50,ARHGDIB|ZFP36L2|VIM|CAPG|CD52|HOPX|S100A4|LDLRAD4|ANXA1|OSTF1|ZNF683|RGCC|SAMSN1|ZFP36|ITGA1|S100A6|GLIPR1|XCL1|RAC2|PTGER4|LGALS3|PFKFB3|GPR183|CXCR4|IL32|TOB1|CD7|ANXA2|ALOX5AP|CLIC1|FAM46C|MYL12A|MCL1|CXCR6|CD55|MYL12B|LEPROTL1|PGK1|CD53|CFL1|ARHGAP9|CD2|LCP1|CKLF|MYADM|SEPT1|KLRC1|MYL6|LSP1|ITM2C,"{""cell_type"": ""CD8+ Tissue-Resident Memory T cell"", ""confidence"": ""High"", ""reasoning"": ""Strong expression of canonical T cell markers (CD2, CD7) and a definitive signature for tissue-resident memory (TRM) T cells, including the transcription factor ZNF683 (Hobit) and surface markers ITGA1 (CD49a) and CXCR6.""}",0.7,T,EffMem,True
CD8,CD8,CD8.c10.Trm.ZNF683,CD8_EffectorMemory,regex_mask,CD8+ Tissue-Resident Memory T cell,High,"The gene list includes canonical T cell markers (CD2, CD7) and a strong signature for tissue-resident memory T cells (TRM), including the key transcription factor ZNF683 (Hobit) and surface markers ITGA1 (CD49a) and CXCR6.",False,50,ARHGDIB|ZFP36L2|VIM|CAPG|CD52|HOPX|S100A4|LDLRAD4|ANXA1|OSTF1|ZNF683|RGCC|SAMSN1|ZFP36|ITGA1|S100A6|GLIPR1|XCL1|RAC2|PTGER4|LGALS3|PFKFB3|GPR183|CXCR4|IL32|TOB1|CD7|ANXA2|ALOX5AP|CLIC1|FAM46C|MYL12A|MCL1|CXCR6|CD55|MYL12B|LEPROTL1|PGK1|CD53|CFL1|ARHGAP9|CD2|LCP1|CKLF|MYADM|SEPT1|KLRC1|MYL6|LSP1|ITM2C,"{""cell_type"": ""CD8+ Tissue-Resident Memory T cell"", ""confidence"": ""High"", ""reasoning"": ""The gene list includes canonical T cell markers (CD2, CD7) and a strong signature for tissue-resident memory T cells (TRM), including the key transcription factor ZNF683 (Hobit) and surface markers ITGA1 (CD49a) and CXCR6.""}",0.7,T,EffMem,True
CD8,CD8,CD8.c10.Trm.ZNF683,CD8_EffectorMemory,full_core,CD8+ Tissue-Resident Memory T cell,High,"The gene list includes canonical CD8+ T cell markers (CD3D, CD8A, CD8B) and a strong signature for tissue-resident memory (TRM) cells, including ITGAE (CD103), ZNF683 (Hobit), and CXCR6. The presence of cytotoxic molecules GZMA and GZMB indicates an effector-ready state, characteristic of TRM cells.",True,50,VIM|CAPG|HOPX|S100A4|LDLRAD4|ANXA1|ZNF683|RGCC|ZFP36|XCL1|LGALS3|PFKFB3|GPR183|TOB1|ANXA2|ALOX5AP|CXCR6|CFL1|MYADM|KLRC1|ITM2C|ITGAE|CRIP1|ACTG1|AC092580.4|XCL2|CNN2|SMIM3|GLUL|CITED2|CDKN1A|MAP3K8|REL|CCL4|GZMA|LGALS1|LDHA|CXCR3|S100A10|FKBP1A|GZMB|SPRY1|CD8A|CD8B|DDIT4|CD3E|CORO1A|ARPC2|CD3D|TXN,"{""cell_type"": ""CD8+ Tissue-Resident Memory T cell"", ""confidence"": ""High"", ""reasoning"": ""The gene list includes canonical CD8+ T cell markers (CD3D, CD8A, CD8B) and a strong signature for tissue-resident memory (TRM) cells, including ITGAE (CD103), ZNF683 (Hobit), and CXCR6. The presence of cytotoxic molecules GZMA and GZMB indicates an effector-ready state, characteristic of TRM cells.""}",0.7,T,EffMem,True
CD8,CD8,CD8.c11.Tex.PDCD1,CD8_Exhausted,standard,CD8+ Exhausted T cell,High,"The gene list shows strong expression of the CD8+ T cell lineage marker CD8A, along with a canonical signature of T cell exhaustion, including multiple co-inhibitory receptors (PDCD1, CTLA4, LAG3, HAVCR2) and the key exhaustion-associated transcription factor TOX. The presence of cytotoxic markers (GZMA, GZMK, NKG7, CST7) and activation markers (TNFRSF9, and numerous HLA class II genes like HLA-DRB1) further solidifies this identification.",False,50,CD74|CD27|HLA-DRB1|HLA-DQA1|HLA-DRA|DUSP4|HLA-DPA1|GZMK|GZMA|HAVCR2|HLA-DPB1|ITM2A|CCL4L2|LYST|LAG3|NKG7|TNFRSF9|VCAM1|HLA-A|CST7|CCL5|APOBEC3G|CD8A|PTMS|FABP5|PDCD1|HLA-DRB5|HLA-DMA|CD82|TOX|SUB1|NAB1|RGS1|ICOS|PTPRCAP|GALM|FKBP1A|ANXA5|SOD1|RNF19A|APOBEC3C|TRAT1|ZNF331|HNRNPLL|OAZ1|HSP90AA1|HLA-DQB1|CLEC2B|CTLA4|DNAJA1,"{""cell_type"": ""CD8+ Exhausted T cell"", ""confidence"": ""High"", ""reasoning"": ""The gene list shows strong expression of the CD8+ T cell lineage marker CD8A, along with a canonical signature of T cell exhaustion, including multiple co-inhibitory receptors (PDCD1, CTLA4, LAG3, HAVCR2) and the key exhaustion-associated transcription factor TOX. The presence of cytotoxic markers (GZMA, GZMK, NKG7, CST7) and activation markers (TNFRSF9, and numerous HLA class II genes like HLA-DRB1) further solidifies this identification.""}",1.0,T,Exhausted,True
CD8,CD8,CD8.c11.Tex.PDCD1,CD8_Exhausted,filter_only,CD8+ Exhausted T cell,High,"The gene list includes the CD8+ T cell lineage marker CD8A, along with a canonical signature of T cell exhaustion, including multiple co-inhibitory receptors (PDCD1, CTLA4, LAG3, HAVCR2) and the key exhaustion-associated transcription factor TOX. The presence of cytotoxic markers (GZMA, GZMK, NKG7) is also consistent with this cell type.",False,50,CD74|CD27|HLA-DRB1|HLA-DQA1|HLA-DRA|DUSP4|HLA-DPA1|GZMK|GZMA|HAVCR2|HLA-DPB1|ITM2A|CCL4L2|LYST|LAG3|NKG7|TNFRSF9|VCAM1|CST7|CCL5|APOBEC3G|CD8A|PTMS|FABP5|PDCD1|HLA-DRB5|HLA-DMA|CD82|TOX|SUB1|NAB1|RGS1|ICOS|PTPRCAP|GALM|FKBP1A|ANXA5|SOD1|RNF19A|APOBEC3C|TRAT1|ZNF331|HNRNPLL|OAZ1|HLA-DQB1|CLEC2B|CTLA4|DNAJA1|CD200R1|EIF5,"{""cell_type"": ""CD8+ Exhausted T cell"", ""confidence"": ""High"", ""reasoning"": ""The gene list includes the CD8+ T cell lineage marker CD8A, along with a canonical signature of T cell exhaustion, including multiple co-inhibitory receptors (PDCD1, CTLA4, LAG3, HAVCR2) and the key exhaustion-associated transcription factor TOX. The presence of cytotoxic markers (GZMA, GZMK, NKG7) is also consistent with this cell type.""}",1.0,T,Exhausted,True
CD8,CD8,CD8.c11.Tex.PDCD1,CD8_Exhausted,regex_mask,CD8+ Exhausted T cell,High,"The gene list shows strong expression of the CD8 lineage marker (CD8A), cytotoxic molecules (GZMK, GZMA, NKG7, CST7), and a canonical exhaustion signature including multiple immune checkpoints (PDCD1, LAG3, HAVCR2, CTLA4) and the key transcription factor TOX. The high expression of MHC-II genes (e.g., HLA-DRB1, HLA-DQA1) is also characteristic of this highly activated/exhausted state.",False,50,CD74|CD27|HLA-DRB1|HLA-DQA1|HLA-DRA|DUSP4|HLA-DPA1|GZMK|GZMA|HAVCR2|HLA-DPB1|ITM2A|CCL4L2|LYST|LAG3|NKG7|TNFRSF9|VCAM1|CST7|CCL5|APOBEC3G|CD8A|PTMS|FABP5|PDCD1|HLA-DRB5|HLA-DMA|CD82|TOX|SUB1|NAB1|RGS1|ICOS|PTPRCAP|GALM|FKBP1A|ANXA5|SOD1|RNF19A|APOBEC3C|TRAT1|ZNF331|HNRNPLL|OAZ1|HLA-DQB1|CLEC2B|CTLA4|DNAJA1|CD200R1|CMC1,"{""cell_type"": ""CD8+ Exhausted T cell"", ""confidence"": ""High"", ""reasoning"": ""The gene list shows strong expression of the CD8 lineage marker (CD8A), cytotoxic molecules (GZMK, GZMA, NKG7, CST7), and a canonical exhaustion signature including multiple immune checkpoints (PDCD1, LAG3, HAVCR2, CTLA4) and the key transcription factor TOX. The high expression of MHC-II genes (e.g., HLA-DRB1, HLA-DQA1) is also characteristic of this highly activated/exhausted state.""}",1.0,T,Exhausted,True
CD8,CD8,CD8.c11.Tex.PDCD1,CD8_Exhausted,full_core,CD8+ Exhausted T cell,High,"The cell expresses the CD8 co-receptor (CD8A) and a strong signature of T cell exhaustion, including multiple co-inhibitory receptors (PDCD1, CTLA4, LAG3, HAVCR2) and the key transcription factor TOX. It also expresses cytotoxic molecules (GZMA, GZMK, NKG7) and markers associated with terminally differentiated or exhausted states, such as CXCL13 and a broad set of MHC class II genes (e.g., HLA-DRA, HLA-DRB1, CD74).",True,50,CD74|CD27|HLA-DRB1|HLA-DQA1|HLA-DRA|DUSP4|HLA-DPA1|GZMK|GZMA|HAVCR2|ITM2A|CCL4L2|LYST|LAG3|NKG7|TNFRSF9|VCAM1|CD8A|PTMS|PDCD1|HLA-DRB5|HLA-DMA|CD82|TOX|SUB1|NAB1|RGS1|ICOS|FKBP1A|ANXA5|APOBEC3C|ZNF331|HLA-DQB1|CTLA4|DNAJA1|CD200R1|CMC1|COTL1|DUSP5|DNAJB1|UBC|FXYD2|CCL3L3|CXCL13|IFNG|ITM2C|MIR155HG|PHLDA1|AC069363.1|SIRPG,"{""cell_type"": ""CD8+ Exhausted T cell"", ""confidence"": ""High"", ""reasoning"": ""The cell expresses the CD8 co-receptor (CD8A) and a strong signature of T cell exhaustion, including multiple co-inhibitory receptors (PDCD1, CTLA4, LAG3, HAVCR2) and the key transcription factor TOX. It also expresses cytotoxic molecules (GZMA, GZMK, NKG7) and markers associated with terminally differentiated or exhausted states, such as CXCL13 and a broad set of MHC class II genes (e.g., HLA-DRA, HLA-DRB1, CD74).""}",1.0,T,Exhausted,True
CD8,CD8,CD8.c12.Tex.CXCL13,CD8_Exhausted,standard,Exhausted T cell,High,"The gene list contains a canonical signature of T cell exhaustion, including multiple co-inhibitory receptors (CTLA4, TIGIT, HAVCR2, LAG3), the master transcription factor for exhaustion (TOX), and cytotoxic molecules (GZMB).",False,50,DUSP4|CXCL13|CD82|CTLA4|PHLDA1|ENTPD1|TNFRSF9|TIGIT|GAPDH|HAVCR2|TNFRSF18|RGS1|CTSW|SNX9|LAG3|RBPJ|TPI1|FAM3C|SYNGR2|PLPP1|LAYN|VCAM1|CCND2|TOX|NDFIP2|RGS2|ACP5|CD63|GZMB|GEM|PTMS|HMOX1|PKM|RAB27A|LYST|RHOB|FKBP1A|SNAP47|BST2|CD7|PRDM1|CTSD|SIRPG|HLA-A|RHOA|AFAP1L2|KRT86|LSP1|PARK7|MIR155HG,"{""cell_type"": ""Exhausted T cell"", ""confidence"": ""High"", ""reasoning"": ""The gene list contains a canonical signature of T cell exhaustion, including multiple co-inhibitory receptors (CTLA4, TIGIT, HAVCR2, LAG3), the master transcription factor for exhaustion (TOX), and cytotoxic molecules (GZMB).""}",1.0,T,Exhausted,True
CD8,CD8,CD8.c12.Tex.CXCL13,CD8_Exhausted,filter_only,CD8+ Exhausted T cell,High,"The gene list shows strong co-expression of multiple canonical exhaustion and inhibitory checkpoint markers (CTLA4, TIGIT, HAVCR2, LAG3, ENTPD1) along with the key exhaustion-associated transcription factor TOX. The presence of the cytotoxic marker GZMB points specifically to a CD8+ T cell lineage.",False,50,DUSP4|CXCL13|CD82|CTLA4|PHLDA1|ENTPD1|TNFRSF9|TIGIT|HAVCR2|TNFRSF18|RGS1|CTSW|SNX9|LAG3|RBPJ|TPI1|FAM3C|SYNGR2|PLPP1|LAYN|VCAM1|CCND2|TOX|NDFIP2|RGS2|ACP5|CD63|GZMB|GEM|PTMS|HMOX1|PKM|RAB27A|LYST|RHOB|FKBP1A|SNAP47|BST2|CD7|PRDM1|CTSD|SIRPG|RHOA|AFAP1L2|KRT86|LSP1|PARK7|MIR155HG|PGAM1|CSF1,"{""cell_type"": ""CD8+ Exhausted T cell"", ""confidence"": ""High"", ""reasoning"": ""The gene list shows strong co-expression of multiple canonical exhaustion and inhibitory checkpoint markers (CTLA4, TIGIT, HAVCR2, LAG3, ENTPD1) along with the key exhaustion-associated transcription factor TOX. The presence of the cytotoxic marker GZMB points specifically to a CD8+ T cell lineage.""}",1.0,T,Exhausted,True
CD8,CD8,CD8.c12.Tex.CXCL13,CD8_Exhausted,regex_mask,CD8+ Exhausted T cell,High,"The gene list includes a canonical set of co-inhibitory receptors (CTLA4, TIGIT, HAVCR2, LAG3), the key exhaustion-associated transcription factor TOX, the cytotoxic marker GZMB, and the chemokine CXCL13, which collectively provide a definitive signature for this cell type.",False,50,DUSP4|CXCL13|CD82|CTLA4|PHLDA1|ENTPD1|TNFRSF9|TIGIT|HAVCR2|TNFRSF18|RGS1|CTSW|SNX9|LAG3|RBPJ|TPI1|FAM3C|SYNGR2|PLPP1|LAYN|VCAM1|CCND2|TOX|NDFIP2|RGS2|ACP5|CD63|GZMB|GEM|PTMS|HMOX1|PKM|RAB27A|LYST|RHOB|FKBP1A|SNAP47|BST2|CD7|PRDM1|CTSD|SIRPG|RHOA|AFAP1L2|KRT86|LSP1|PARK7|MIR155HG|PGAM1|CSF1,"{""cell_type"": ""CD8+ Exhausted T cell"", ""confidence"": ""High"", ""reasoning"": ""The gene list includes a canonical set of co-inhibitory receptors (CTLA4, TIGIT, HAVCR2, LAG3), the key exhaustion-associated transcription factor TOX, the cytotoxic marker GZMB, and the chemokine CXCL13, which collectively provide a definitive signature for this cell type.""}",1.0,T,Exhausted,True
CD8,CD8,CD8.c12.Tex.CXCL13,CD8_Exhausted,full_core,CD8+ exhausted T cell,High,"The gene list includes multiple canonical co-inhibitory receptors (PDCD1, CTLA4, TIGIT, LAG3, HAVCR2), the master transcription factor for exhaustion (TOX), and cytotoxic markers (GZMB), which is a classic signature for this cell type.",True,50,DUSP4|CXCL13|CD82|CTLA4|PHLDA1|ENTPD1|TNFRSF9|TIGIT|HAVCR2|TNFRSF18|RGS1|CTSW|SNX9|LAG3|RBPJ|TPI1|FAM3C|PLPP1|LAYN|VCAM1|TOX|NDFIP2|RGS2|ACP5|GZMB|GEM|PTMS|HMOX1|PKM|LYST|RHOB|FKBP1A|SNAP47|BST2|SIRPG|AFAP1L2|KRT86|PARK7|MIR155HG|PGAM1|CSF1|PDLIM4|PDCD1|RALA|CD3D|SOX4|KIR2DL4|PDIA6|ANXA5|MYO7A,"{""cell_type"": ""CD8+ exhausted T cell"", ""confidence"": ""High"", ""reasoning"": ""The gene list includes multiple canonical co-inhibitory receptors (PDCD1, CTLA4, TIGIT, LAG3, HAVCR2), the master transcription factor for exhaustion (TOX), and cytotoxic markers (GZMB), which is a classic signature for this cell type.""}",1.0,T,Exhausted,True
CD8,CD8,CD8.c13.Tex.myl12a,CD8_Exhausted,standard,Exhausted CD8+ T cell,High,"The gene list includes the pan-T cell marker CD3D, cytotoxic markers GZMB and GNLY, and a canonical set of exhaustion markers including the key transcription factor TOX and inhibitory receptors LAG3, TIGIT, HAVCR2, and CTLA4. The presence of CXCL13 further refines this to a specific exhausted T cell subset.",False,50,CXCL13|GZMB|LAG3|CD3D|RBPJ|CD7|TIGIT|HAVCR2|ENTPD1|ACP5|CD82|ALOX5AP|TPI1|NAP1L4|LAYN|CARS|SNX9|LYST|ITGAE|CCL5|IGKV1-5|FAM118A|MIR155HG|KIR2DL4|CTLA4|SNAP47|TNFRSF9|SOX4|FAM3C|RP11-291B21.2|GALNT2|HMGB1|H1FX|GAPDH|CTSD|TOX|SIRPG|PLPP1|VCAM1|MT2A|GNLY|TNFRSF18|HMGN2|HMGN1|PHLDA1|MYO7A|CBLB|GZMA|AHI1|SEPT7,"{""cell_type"": ""Exhausted CD8+ T cell"", ""confidence"": ""High"", ""reasoning"": ""The gene list includes the pan-T cell marker CD3D, cytotoxic markers GZMB and GNLY, and a canonical set of exhaustion markers including the key transcription factor TOX and inhibitory receptors LAG3, TIGIT, HAVCR2, and CTLA4. The presence of CXCL13 further refines this to a specific exhausted T cell subset.""}",1.0,T,Exhausted,True
CD8,CD8,CD8.c13.Tex.myl12a,CD8_Exhausted,filter_only,CD8+ Exhausted T cell,High,"The gene list includes a canonical signature of T cell exhaustion, including the master regulator TOX, multiple co-inhibitory receptors (LAG3, TIGIT, HAVCR2, CTLA4, ENTPD1), and the chemokine CXCL13, alongside cytotoxic markers like GZMB and GNLY.",False,50,CXCL13|GZMB|LAG3|RBPJ|CD7|TIGIT|HAVCR2|ENTPD1|ACP5|CD82|ALOX5AP|NAP1L4|LAYN|CARS|SNX9|LYST|ITGAE|CCL5|IGKV1-5|FAM118A|MIR155HG|KIR2DL4|CTLA4|SNAP47|TNFRSF9|SOX4|FAM3C|RP11-291B21.2|GALNT2|H1FX|CTSD|TOX|SIRPG|PLPP1|VCAM1|MT2A|GNLY|TNFRSF18|PHLDA1|MYO7A|CBLB|AHI1|HLA-DRB1|PSMB9|NEAT1|SRGAP3|AC069363.1|SRSF10|FKBP1A|OXNAD1,"{""cell_type"": ""CD8+ Exhausted T cell"", ""confidence"": ""High"", ""reasoning"": ""The gene list includes a canonical signature of T cell exhaustion, including the master regulator TOX, multiple co-inhibitory receptors (LAG3, TIGIT, HAVCR2, CTLA4, ENTPD1), and the chemokine CXCL13, alongside cytotoxic markers like GZMB and GNLY.""}",1.0,T,Exhausted,True
CD8,CD8,CD8.c13.Tex.myl12a,CD8_Exhausted,regex_mask,CXCL13+ CD8+ exhausted T cell,High,"The gene list shows strong co-expression of canonical T cell exhaustion markers (TOX, LAG3, TIGIT, HAVCR2, ENTPD1, CTLA4), cytotoxic markers (GZMB, GNLY), and the specific chemokine CXCL13, which together define a well-characterized subset of exhausted CD8+ T cells.",False,50,CXCL13|GZMB|LAG3|RBPJ|CD7|TIGIT|HAVCR2|ENTPD1|ACP5|CD82|ALOX5AP|NAP1L4|LAYN|CARS|SNX9|LYST|ITGAE|CCL5|FAM118A|MIR155HG|KIR2DL4|CTLA4|SNAP47|TNFRSF9|SOX4|FAM3C|RP11-291B21.2|GALNT2|H1FX|CTSD|TOX|SIRPG|PLPP1|VCAM1|MT2A|GNLY|TNFRSF18|PHLDA1|MYO7A|CBLB|AHI1|HLA-DRB1|PSMB9|NEAT1|SRGAP3|AC069363.1|SRSF10|FKBP1A|OXNAD1|HLA-DRA,"{""cell_type"": ""CXCL13+ CD8+ exhausted T cell"", ""confidence"": ""High"", ""reasoning"": ""The gene list shows strong co-expression of canonical T cell exhaustion markers (TOX, LAG3, TIGIT, HAVCR2, ENTPD1, CTLA4), cytotoxic markers (GZMB, GNLY), and the specific chemokine CXCL13, which together define a well-characterized subset of exhausted CD8+ T cells.""}",1.0,T,Exhausted,True
CD8,CD8,CD8.c13.Tex.myl12a,CD8_Exhausted,full_core,CD8+ Exhausted T cell,High,"The gene list shows strong co-expression of canonical exhaustion markers (TOX, LAG3, TIGIT, HAVCR2, ENTPD1, CTLA4) and cytotoxic effector molecules (GZMB, PRF1, GNLY). The presence of CXCL13 is characteristic of a specific subset of progenitor-exhausted or terminally exhausted CD8+ T cells often found in tumors.",True,50,CXCL13|GZMB|LAG3|RBPJ|TIGIT|HAVCR2|ENTPD1|ACP5|CD82|ALOX5AP|LAYN|CARS|SNX9|LYST|ITGAE|MIR155HG|KIR2DL4|CTLA4|SNAP47|TNFRSF9|SOX4|FAM3C|RP11-291B21.2|GALNT2|H1FX|TOX|SIRPG|PLPP1|VCAM1|MT2A|GNLY|TNFRSF18|PHLDA1|MYO7A|AHI1|HLA-DRB1|AC069363.1|FKBP1A|HLA-DRA|CEBPD|MAST4|CCL3|TMEM106C|ANXA5|NDFIP2|NUCKS1|PRF1|BATF|NELL2|CARHSP1,"{""cell_type"": ""CD8+ Exhausted T cell"", ""confidence"": ""High"", ""reasoning"": ""The gene list shows strong co-expression of canonical exhaustion markers (TOX, LAG3, TIGIT, HAVCR2, ENTPD1, CTLA4) and cytotoxic effector molecules (GZMB, PRF1, GNLY). The presence of CXCL13 is characteristic of a specific subset of progenitor-exhausted or terminally exhausted CD8+ T cells often found in tumors.""}",1.0,T,Exhausted,True
CD8,CD8,CD8.c14.Tex.TCF7,CD8_Exhausted,standard,CD8+ Exhausted T cell,High,"The gene list includes multiple canonical markers of T cell exhaustion, including the master regulator TOX, and co-inhibitory receptors TIGIT and CTLA4. The presence of CXCL13, BATF, and activation markers like ICOS and TNFRSF9 further solidifies this identification as a chronically stimulated, exhausted T cell subset.",False,50,NR3C1|CXCL13|BATF|DUSP4|CD27|CHN1|RBPJ|CTLA4|ITM2A|BIRC3|TIGIT|IL6ST|SEPT6|RPL15|RPS26|SESN3|RGS2|ICOS|PMAIP1|TOX|GEM|RPL6|EEF1A1|TNFRSF9|RHBDD2|RPL18|CD200|GNB2L1|CRTAM|CIRBP|RGS1|PASK|TNFRSF18|ITGAE|HNRNPLL|FKBP5|PRDX1|NELL2|EIF3H|HLA-DQB1|ATP5G2|STAM|EEF1G|AP3S1|RPL8|IL7R|RPL11|GPX4|PARK7|SIRPG,"{""cell_type"": ""CD8+ Exhausted T cell"", ""confidence"": ""High"", ""reasoning"": ""The gene list includes multiple canonical markers of T cell exhaustion, including the master regulator TOX, and co-inhibitory receptors TIGIT and CTLA4. The presence of CXCL13, BATF, and activation markers like ICOS and TNFRSF9 further solidifies this identification as a chronically stimulated, exhausted T cell subset.""}",1.0,T,Exhausted,True
CD8,CD8,CD8.c14.Tex.TCF7,CD8_Exhausted,filter_only,CD8+ Exhausted T cell,High,"The gene list contains a canonical signature of T cell exhaustion, including the master transcription factor TOX, multiple co-inhibitory receptors (TIGIT, CTLA4), and activation/costimulatory molecules (ICOS, TNFRSF9, TNFRSF18). The presence of BATF and CXCL13 further supports this identification, pointing towards a highly activated and terminally differentiated state.",False,50,NR3C1|CXCL13|BATF|DUSP4|CD27|CHN1|RBPJ|CTLA4|ITM2A|BIRC3|TIGIT|IL6ST|SEPT6|SESN3|RGS2|ICOS|PMAIP1|TOX|GEM|TNFRSF9|RHBDD2|CD200|CRTAM|CIRBP|RGS1|PASK|TNFRSF18|ITGAE|HNRNPLL|FKBP5|PRDX1|NELL2|EIF3H|HLA-DQB1|ATP5G2|STAM|EEF1G|AP3S1|IL7R|GPX4|PARK7|SIRPG|EEF2|TBC1D4|GYPC|LIMS1|TTN|NDFIP2|MS4A6A|PIM2,"{""cell_type"": ""CD8+ Exhausted T cell"", ""confidence"": ""High"", ""reasoning"": ""The gene list contains a canonical signature of T cell exhaustion, including the master transcription factor TOX, multiple co-inhibitory receptors (TIGIT, CTLA4), and activation/costimulatory molecules (ICOS, TNFRSF9, TNFRSF18). The presence of BATF and CXCL13 further supports this identification, pointing towards a highly activated and terminally differentiated state.""}",1.0,T,Exhausted,True
CD8,CD8,CD8.c14.Tex.TCF7,CD8_Exhausted,regex_mask,CXCL13+ Exhausted T cell,High,"The gene list contains a canonical signature of T cell exhaustion, including the master regulator TOX, and multiple co-inhibitory receptors such as TIGIT, CTLA4, and ENTPD1. The presence of CXCL13 further specifies this subset, often found in chronic inflammation and tumor microenvironments.",False,50,NR3C1|CXCL13|BATF|DUSP4|CD27|CHN1|RBPJ|CTLA4|ITM2A|BIRC3|TIGIT|IL6ST|SEPT6|SESN3|RGS2|ICOS|PMAIP1|TOX|GEM|TNFRSF9|RHBDD2|CD200|CRTAM|CIRBP|RGS1|PASK|TNFRSF18|ITGAE|HNRNPLL|FKBP5|PRDX1|NELL2|HLA-DQB1|ATP5G2|STAM|AP3S1|IL7R|GPX4|PARK7|SIRPG|TBC1D4|GYPC|LIMS1|TTN|NDFIP2|MS4A6A|PIM2|OXA1L|AHR|ENTPD1,"{""cell_type"": ""CXCL13+ Exhausted T cell"", ""confidence"": ""High"", ""reasoning"": ""The gene list contains a canonical signature of T cell exhaustion, including the master regulator TOX, and multiple co-inhibitory receptors such as TIGIT, CTLA4, and ENTPD1. The presence of CXCL13 further specifies this subset, often found in chronic inflammation and tumor microenvironments.""}",1.0,T,Exhausted,True
CD8,CD8,CD8.c14.Tex.TCF7,CD8_Exhausted,full_core,CXCL13+ Exhausted T cell,High,"The gene list shows strong co-expression of canonical exhaustion markers (PDCD1, CTLA4, TIGIT, TOX, ENTPD1) and the key chemokine CXCL13. This combination, along with Tfh-like markers such as ICOS and BATF, is the classic signature of a specific, well-described subset of exhausted T cells.",True,50,CXCL13|BATF|DUSP4|CD27|CHN1|RBPJ|CTLA4|ITM2A|BIRC3|TIGIT|SESN3|RGS2|ICOS|PMAIP1|TOX|GEM|TNFRSF9|CD200|CRTAM|RGS1|PASK|TNFRSF18|ITGAE|PRDX1|NELL2|HLA-DQB1|IL7R|PARK7|SIRPG|TTN|NDFIP2|MS4A6A|PIM2|AHR|ENTPD1|HNRNPA1|NME2|METTL8|PPM1G|TIAM1|GATA3|TNFRSF4|NFKBIA|TCF7|GNG4|DNPH1|LAYN|PHLDA1|PDCD1|SH2D1A,"{""cell_type"": ""CXCL13+ Exhausted T cell"", ""confidence"": ""High"", ""reasoning"": ""The gene list shows strong co-expression of canonical exhaustion markers (PDCD1, CTLA4, TIGIT, TOX, ENTPD1) and the key chemokine CXCL13. This combination, along with Tfh-like markers such as ICOS and BATF, is the classic signature of a specific, well-described subset of exhausted T cells.""}",1.0,T,Exhausted,True
CD8,CD8,CD8.c15.ISG.IFIT1,CD8_ISG,standard,CD8+ exhausted T cell (ISG-high),High,"The gene list is dominated by a canonical Type I Interferon Stimulated Gene (ISG) signature (e.g., MX1, ISG15, OAS1, IFIT1). The presence of key immune checkpoint/exhaustion markers like LAG3, alongside the cytotoxic marker GZMB, strongly points to an exhausted cytotoxic T lymphocyte lineage.",False,50,IFI6|IFITM1|MX1|ISG15|LY6E|IFI44L|XAF1|BST2|IFIT1|ISG20|EIF2AK2|OAS1|TRIM22|IRF7|EPSTI1|STAT1|RSAD2|PLSCR1|OASL|IFI35|HERC5|UBE2L6|LGALS9|DRAP1|IFIT3|SAMD9L|MX2|PSMB9|ADAR|CMPK2|LAG3|RNF213|OAS3|IFITM2|IFI44|SP100|GBP1|SP110|SAMD9|LAP3|C19orf66|GZMB|OAS2|PARP9|PSME2|MYL12A|PSME1|GBP5|MT2A|DDX60L,"{""cell_type"": ""CD8+ exhausted T cell (ISG-high)"", ""confidence"": ""High"", ""reasoning"": ""The gene list is dominated by a canonical Type I Interferon Stimulated Gene (ISG) signature (e.g., MX1, ISG15, OAS1, IFIT1). The presence of key immune checkpoint/exhaustion markers like LAG3, alongside the cytotoxic marker GZMB, strongly points to an exhausted cytotoxic T lymphocyte lineage.""}",1.0,T,ISG,True
CD8,CD8,CD8.c15.ISG.IFIT1,CD8_ISG,filter_only,CD8+ T cell (ISG-high),High,"The gene list is overwhelmingly dominated by a canonical Type I Interferon Stimulated Gene (ISG) signature (e.g., MX1, ISG15, OAS1/2/3, IFIT1/3, STAT1, IRF7). The presence of the key cytotoxic marker GZMB and the immune checkpoint/exhaustion marker LAG3 strongly indicates a cytotoxic lymphocyte, most specifically a CD8+ T cell, in a highly activated, virally-responsive state.",False,50,IFI6|IFITM1|MX1|ISG15|LY6E|IFI44L|XAF1|BST2|IFIT1|ISG20|EIF2AK2|OAS1|TRIM22|IRF7|EPSTI1|STAT1|RSAD2|PLSCR1|OASL|IFI35|HERC5|UBE2L6|LGALS9|DRAP1|IFIT3|SAMD9L|MX2|PSMB9|ADAR|CMPK2|LAG3|RNF213|OAS3|IFITM2|IFI44|SP100|GBP1|SP110|SAMD9|LAP3|C19orf66|GZMB|OAS2|PARP9|PSME2|MYL12A|PSME1|GBP5|MT2A|DDX60L,"{""cell_type"": ""CD8+ T cell (ISG-high)"", ""confidence"": ""High"", ""reasoning"": ""The gene list is overwhelmingly dominated by a canonical Type I Interferon Stimulated Gene (ISG) signature (e.g., MX1, ISG15, OAS1/2/3, IFIT1/3, STAT1, IRF7). The presence of the key cytotoxic marker GZMB and the immune checkpoint/exhaustion marker LAG3 strongly indicates a cytotoxic lymphocyte, most specifically a CD8+ T cell, in a highly activated, virally-responsive state.""}",1.0,T,ISG,True
CD8,CD8,CD8.c15.ISG.IFIT1,CD8_ISG,regex_mask,CD8+ exhausted T cell (ISG-high),High,"The gene list is overwhelmingly dominated by a canonical interferon-stimulated gene (ISG) signature (e.g., MX1, OAS1, ISG15, IFIT1, STAT1). The presence of the cytotoxic marker GZMB and the exhaustion/inhibitory marker LAG3 strongly points to a T cell lineage, specifically an exhausted cytotoxic T cell.",False,50,IFI6|IFITM1|MX1|ISG15|LY6E|IFI44L|XAF1|BST2|IFIT1|ISG20|OAS1|TRIM22|IRF7|EPSTI1|STAT1|RSAD2|PLSCR1|OASL|IFI35|HERC5|UBE2L6|LGALS9|DRAP1|IFIT3|SAMD9L|MX2|PSMB9|ADAR|CMPK2|LAG3|RNF213|OAS3|IFITM2|IFI44|SP100|GBP1|SP110|SAMD9|LAP3|C19orf66|GZMB|OAS2|PARP9|PSME2|MYL12A|PSME1|GBP5|MT2A|DDX60L|USP18,"{""cell_type"": ""CD8+ exhausted T cell (ISG-high)"", ""confidence"": ""High"", ""reasoning"": ""The gene list is overwhelmingly dominated by a canonical interferon-stimulated gene (ISG) signature (e.g., MX1, OAS1, ISG15, IFIT1, STAT1). The presence of the cytotoxic marker GZMB and the exhaustion/inhibitory marker LAG3 strongly points to a T cell lineage, specifically an exhausted cytotoxic T cell.""}",1.0,T,ISG,True
CD8,CD8,CD8.c15.ISG.IFIT1,CD8_ISG,full_core,CD8+ Exhausted T cell (ISG-high),High,"The gene list shows a strong signature for cytotoxicity (GZMB, PRF1, GNLY), T cell exhaustion (LAG3, CXCL13, CD38), and an overwhelming interferon response (IFI6, MX1, ISG15, IFIT1, OAS1). This combination is characteristic of an exhausted CD8+ T cell in an inflammatory environment.",True,50,IFI6|MX1|ISG15|LY6E|IFI44L|XAF1|BST2|IFIT1|OAS1|EPSTI1|STAT1|RSAD2|PLSCR1|OASL|HERC5|LGALS9|IFIT3|MX2|CMPK2|LAG3|OAS3|IFI44|GBP1|LAP3|GZMB|PSME2|GBP5|MT2A|USP18|TNFSF10|IFIT2|PRF1|LAMP3|PTMS|GNLY|IFITM3|ALOX5AP|GNG5|CD38|PSMA5|PSMB10|PSMB8|GADD45B|ACP5|SAT1|KLRC1|CXCL13|CRIP1|COX5A|CAPG,"{""cell_type"": ""CD8+ Exhausted T cell (ISG-high)"", ""confidence"": ""High"", ""reasoning"": ""The gene list shows a strong signature for cytotoxicity (GZMB, PRF1, GNLY), T cell exhaustion (LAG3, CXCL13, CD38), and an overwhelming interferon response (IFI6, MX1, ISG15, IFIT1, OAS1). This combination is characteristic of an exhausted CD8+ T cell in an inflammatory environment.""}",1.0,T,ISG,True
CD8,CD8,CD8.c16.MAIT.SLC4A10,CD8_MAIT,standard,MAIT cell,High,"The gene list includes the canonical MAIT cell markers KLRB1 (CD161) and the invariant T-cell receptor alpha chain TRAV1-2, along with other characteristic markers such as IL7R, CCR6, and RORA.",False,50,KLRB1|IL7R|CCR6|RORA|TMIGD2|AQP3|LTB|RPLP1|TPT1|RPLP0|EEF1A1|SPOCK2|CXCR6|PDCD4|MGAT4A|OSTF1|PABPC1|IFNGR1|TRAV1-2|HPGD|PFKFB3|FKBP11|ITM2B|S100A4|TTC39C|CCL20|GPR65|PER1|CXCR4|FTH1|CEBPD|YWHAQ|PERP|ZFP36L2|CCNH|ZFP36L1|TNFAIP3|EEF1G|PBX4|DPP4|ERN1|LAPTM5|SLC4A10|SLC7A5|PBXIP1|ODF2L|PCBP2|EEF2|EIF1|NCR3,"{""cell_type"": ""MAIT cell"", ""confidence"": ""High"", ""reasoning"": ""The gene list includes the canonical MAIT cell markers KLRB1 (CD161) and the invariant T-cell receptor alpha chain TRAV1-2, along with other characteristic markers such as IL7R, CCR6, and RORA.""}",1.0,T,MAIT,True
CD8,CD8,CD8.c16.MAIT.SLC4A10,CD8_MAIT,filter_only,MAIT cell,High,"The gene list contains a canonical signature for MAIT cells, including the invariant T-cell receptor alpha chain TRAV1-2, the key surface marker KLRB1 (CD161), the master transcription factor RORA, and the chemokine receptor CCR6.",False,50,KLRB1|IL7R|CCR6|RORA|TMIGD2|AQP3|LTB|SPOCK2|CXCR6|PDCD4|MGAT4A|OSTF1|PABPC1|IFNGR1|TRAV1-2|HPGD|PFKFB3|FKBP11|ITM2B|S100A4|TTC39C|CCL20|GPR65|PER1|CXCR4|CEBPD|YWHAQ|PERP|ZFP36L2|CCNH|ZFP36L1|TNFAIP3|EEF1G|PBX4|DPP4|ERN1|LAPTM5|SLC4A10|SLC7A5|PBXIP1|ODF2L|PCBP2|EEF2|NCR3|PDE4D|CAMK4|DUSP1|MYADM|SARAF|GPR183,"{""cell_type"": ""MAIT cell"", ""confidence"": ""High"", ""reasoning"": ""The gene list contains a canonical signature for MAIT cells, including the invariant T-cell receptor alpha chain TRAV1-2, the key surface marker KLRB1 (CD161), the master transcription factor RORA, and the chemokine receptor CCR6.""}",1.0,T,MAIT,True
CD8,CD8,CD8.c16.MAIT.SLC4A10,CD8_MAIT,regex_mask,MAIT cell,High,"The gene list contains the canonical markers for MAIT cells, including the master transcription factor ZBTB16 (PLZF) and the key surface marker KLRB1 (CD161). This is further supported by the presence of RORA, CCR6, and IL7R, which are characteristic of this lineage.",False,50,KLRB1|IL7R|CCR6|RORA|TMIGD2|AQP3|LTB|SPOCK2|CXCR6|PDCD4|MGAT4A|OSTF1|PABPC1|IFNGR1|HPGD|PFKFB3|FKBP11|ITM2B|S100A4|TTC39C|CCL20|GPR65|PER1|CXCR4|CEBPD|YWHAQ|PERP|ZFP36L2|CCNH|ZFP36L1|TNFAIP3|PBX4|DPP4|ERN1|LAPTM5|SLC4A10|SLC7A5|PBXIP1|ODF2L|PCBP2|NCR3|PDE4D|CAMK4|DUSP1|MYADM|SARAF|GPR183|ZFP36|ZBTB16|RBL2,"{""cell_type"": ""MAIT cell"", ""confidence"": ""High"", ""reasoning"": ""The gene list contains the canonical markers for MAIT cells, including the master transcription factor ZBTB16 (PLZF) and the key surface marker KLRB1 (CD161). This is further supported by the presence of RORA, CCR6, and IL7R, which are characteristic of this lineage.""}",1.0,T,MAIT,True
CD8,CD8,CD8.c16.MAIT.SLC4A10,CD8_MAIT,full_core,MAIT cell,High,"The gene list contains a strong and specific signature for Mucosal-Associated Invariant T (MAIT) cells, including the canonical markers KLRB1 (CD161), SLC4A10, and the master transcription factor ZBTB16 (PLZF). The expression of characteristic chemokine receptors CCR6 and CXCR6, along with activation markers like CD69, further solidifies this identification.",True,50,KLRB1|IL7R|CCR6|TMIGD2|AQP3|LTB|CXCR6|IFNGR1|HPGD|PFKFB3|S100A4|CCL20|CEBPD|YWHAQ|PERP|ZFP36L1|DPP4|SLC4A10|SLC7A5|NCR3|DUSP1|MYADM|GPR183|ZFP36|ZBTB16|SESN1|CTSH|NFKBIA|ALOX5AP|CA2|ANKRD28|IL4I1|TNFRSF25|SNX9|LST1|CD69|TNFSF13B|CDKN1A|GYG1|CD40LG|CAPG|SLC2A3|TLE1|LDHA|IFI44|VIM|SATB1|MYBL1|DDIT4|LDLRAD4,"{""cell_type"": ""MAIT cell"", ""confidence"": ""High"", ""reasoning"": ""The gene list contains a strong and specific signature for Mucosal-Associated Invariant T (MAIT) cells, including the canonical markers KLRB1 (CD161), SLC4A10, and the master transcription factor ZBTB16 (PLZF). The expression of characteristic chemokine receptors CCR6 and CXCR6, along with activation markers like CD69, further solidifies this identification.""}",1.0,T,MAIT,True
CD8,CD8,CD8.c17.Tm.NME1,CD8_EffectorMemory,standard,Proliferating cell,High,"The gene list is dominated by canonical markers of cell proliferation and the G2/M phase of the cell cycle, such as STMN1, TYMS, KIAA0101 (PCLAF), and MZT2A/B. There is a notable absence of specific lineage markers for any major cell type (e.g., T cell, B cell, myeloid, stromal), indicating this signature represents a cellular state rather than a distinct lineage.",False,50,GAPDH|ACTB|ACTG1|PFN1|COTL1|ENO1|NME2|ARPC1B|HMGN2|COX6A1|PPIA|CFL1|ATP5G3|RPLP0|LDHB|TUBB|STMN1|PSME2|YBX1|COX8A|RAN|TXN|ANP32B|TALDO1|COX6C|SLC25A5|TYMS|CORO1A|H2AFV|MIF|PKM|ATP5J2|ATP5J|TMSB10|TPI1|MZT2B|PRDX3|RANBP1|MZT2A|COX5A|MYL6|GNG5|ATP5L|DUT|ATP5G2|KIAA0101|PPP1CA|HMGB1|SNRPG|PRELID1,"{""cell_type"": ""Proliferating cell"", ""confidence"": ""High"", ""reasoning"": ""The gene list is dominated by canonical markers of cell proliferation and the G2/M phase of the cell cycle, such as STMN1, TYMS, KIAA0101 (PCLAF), and MZT2A/B. There is a notable absence of specific lineage markers for any major cell type (e.g., T cell, B cell, myeloid, stromal), indicating this signature represents a cellular state rather than a distinct lineage.""}",0.0,T,EffMem,True
CD8,CD8,CD8.c17.Tm.NME1,CD8_EffectorMemory,filter_only,Immune cell (proliferating),Low,"The gene signature is overwhelmingly dominated by markers of cell cycle progression (e.g., TYMS, STMN1, KIAA0101) and high metabolism, indicating a proliferative state. A specific lineage is unclear due to the absence of canonical markers, but CORO1A and MIF provide weak evidence for an immune origin.",False,50,ACTG1|COTL1|ENO1|NME2|ARPC1B|HMGN2|COX6A1|PPIA|CFL1|ATP5G3|LDHB|TUBB|STMN1|PSME2|YBX1|COX8A|RAN|TXN|ANP32B|TALDO1|COX6C|SLC25A5|TYMS|CORO1A|H2AFV|MIF|PKM|ATP5J2|ATP5J|TPI1|MZT2B|PRDX3|RANBP1|MZT2A|COX5A|MYL6|GNG5|ATP5L|DUT|ATP5G2|KIAA0101|PPP1CA|HMGB1|SNRPG|PRELID1|TUBA1B|PSMB3|SNRPF|NDUFB3|ARPC3,"{""cell_type"": ""Immune cell (proliferating)"", ""confidence"": ""Low"", ""reasoning"": ""The gene signature is overwhelmingly dominated by markers of cell cycle progression (e.g., TYMS, STMN1, KIAA0101) and high metabolism, indicating a proliferative state. A specific lineage is unclear due to the absence of canonical markers, but CORO1A and MIF provide weak evidence for an immune origin.""}",0.0,T,EffMem,True
CD8,CD8,CD8.c17.Tm.NME1,CD8_EffectorMemory,regex_mask,Undetermined lineage (proliferating),High,"The gene set is a canonical signature for cell proliferation, specifically the G2/M phase of the cell cycle. Key markers include TYMS, STMN1, KIAA0101, and various tubulins (TUBA1B, TUBB). The list completely lacks lineage-defining markers, making lineage identification impossible.",False,50,ACTG1|COTL1|ENO1|NME2|ARPC1B|HMGN2|COX6A1|PPIA|CFL1|ATP5G3|LDHB|TUBB|STMN1|PSME2|YBX1|COX8A|RAN|TXN|ANP32B|TALDO1|COX6C|SLC25A5|TYMS|CORO1A|H2AFV|MIF|PKM|ATP5J2|ATP5J|TPI1|MZT2B|PRDX3|RANBP1|MZT2A|COX5A|MYL6|GNG5|ATP5L|DUT|ATP5G2|KIAA0101|PPP1CA|HMGB1|SNRPG|PRELID1|TUBA1B|PSMB3|SNRPF|NDUFB3|ARPC3,"{""cell_type"": ""Undetermined lineage (proliferating)"", ""confidence"": ""High"", ""reasoning"": ""The gene set is a canonical signature for cell proliferation, specifically the G2/M phase of the cell cycle. Key markers include TYMS, STMN1, KIAA0101, and various tubulins (TUBA1B, TUBB). The list completely lacks lineage-defining markers, making lineage identification impossible.""}",0.0,T,EffMem,True
CD8,CD8,CD8.c17.Tm.NME1,CD8_EffectorMemory,full_core,T cell,Low,"The provided gene list is dominated by housekeeping genes related to high metabolic activity (e.g., ENO1, LDHB, PKM, multiple ATP synthase and COX subunits) and cytoskeletal components (e.g., ACTG1, TUBB, CFL1). It lacks any canonical lineage or subtype markers (e.g., CD4, CD8A, CCR7, GZMB, FOXP3) to allow for a more specific classification.",True,50,ACTG1|COTL1|ENO1|NME2|ARPC1B|HMGN2|COX6A1|CFL1|ATP5G3|LDHB|TUBB|STMN1|PSME2|YBX1|COX8A|RAN|TXN|ANP32B|TALDO1|SLC25A5|CORO1A|H2AFV|MIF|PKM|ATP5J2|ATP5J|TPI1|MZT2B|PRDX3|COX5A|GNG5|DUT|PPP1CA|SNRPG|PRELID1|PSMB3|SNRPF|NDUFB3|H2AFY|ARPC2|SNRPD1|MT1E|ANXA5|PDCD5|MRPL51|ATP5A1|PSMA2|LSM5|AP2S1|SNRPE,"{""cell_type"": ""T cell"", ""confidence"": ""Low"", ""reasoning"": ""The provided gene list is dominated by housekeeping genes related to high metabolic activity (e.g., ENO1, LDHB, PKM, multiple ATP synthase and COX subunits) and cytoskeletal components (e.g., ACTG1, TUBB, CFL1). It lacks any canonical lineage or subtype markers (e.g., CD4, CD8A, CCR7, GZMB, FOXP3) to allow for a more specific classification.""}",0.7,T,EffMem,True
