Dataset,Method,Display_Method,Evaluated,N,Mean_S_anno,Exact_State_Agreement,Exact_Match_Accuracy,Major_Lineage_Accuracy,Ontology_Consistent_Accuracy_Sanno_ge_0.5,Low_Consistency_Rate_Sanno_lt_0.5,CI_Low,CI_High
CD8 T,Standard,Standard,True,17,0.7529411764705882,0.6470588235294118,0.5882352941176471,0.8235294117647058,0.8235294117647058,0.1764705882352941,0.5588235294117647,0.9117647058823529
CD8 T,Curated,Full pipeline,True,17,0.8176470588235293,0.5294117647058824,0.5294117647058824,0.9411764705882352,0.9411764705882352,0.0588235294117647,0.6823529411764706,0.9117647058823529
CD8 T,CellTypist,CellTypist,True,17,0.7352941176470588,0.1176470588235294,0.1176470588235294,1.0,1.0,0.0,0.7,0.7882352941176469
CD8 T,SingleR,SingleR,True,17,0.8588235294117647,0.5294117647058824,0.5294117647058824,1.0,1.0,0.0,0.7882352941176469,0.9294117647058824
CD8 T,Azimuth,Azimuth,True,17,0.8352941176470587,0.5882352941176471,0.5882352941176471,0.9411764705882352,0.9411764705882352,0.0588235294117647,0.7,0.9470588235294118
CD4 T,Standard,Standard,True,22,0.75,0.5909090909090909,0.5454545454545454,0.8181818181818182,0.8181818181818182,0.1818181818181818,0.5954545454545453,0.8863636363636364
CD4 T,Curated,Full pipeline,True,22,0.85,0.5,0.5,1.0,1.0,0.0,0.7818181818181817,0.9181818181818181
CD4 T,CellTypist,CellTypist,True,22,0.8636363636363634,0.5454545454545454,0.5454545454545454,1.0,1.0,0.0,0.7954545454545453,0.9181818181818181
CD4 T,SingleR,SingleR,True,22,0.6045454545454546,0.3181818181818182,0.1363636363636363,0.7272727272727273,0.7272727272727273,0.2727272727272727,0.4863636363636363,0.7136363636363636
CD4 T,Azimuth,Azimuth,True,22,0.8636363636363634,0.5454545454545454,0.5454545454545454,1.0,1.0,0.0,0.7954545454545453,0.9181818181818181
MSC,Standard,Standard,True,8,0.80625,0.75,0.625,0.875,0.75,0.25,0.5625,0.98125
MSC,Curated,Full pipeline,True,8,0.89375,0.875,0.75,0.875,0.875,0.125,0.71875,1.0
MSC,CellTypist,CellTypist,True,8,0.825,0.75,0.75,1.0,0.75,0.25,0.5625,1.0
MSC,SingleR,SingleR,True,8,0.2437499999999999,0.0,0.0,0.625,0.0,1.0,0.1875,0.28125
MSC,Azimuth,Azimuth,True,8,0.825,0.75,0.75,1.0,0.75,0.25,0.5625,1.0
Mouse B,Standard,Standard,True,5,1.0,1.0,1.0,1.0,1.0,0.0,1.0,1.0
Mouse B,Curated,Full pipeline,True,5,1.0,1.0,1.0,1.0,1.0,0.0,1.0,1.0
Mouse B,CellTypist,CellTypist,False,NA,NA,NA,NA,NA,NA,NA,NA,NA
Mouse B,SingleR,SingleR,True,5,0.7,0.6,0.6,0.8,0.8,0.2,0.3,1.0
Mouse B,Azimuth,Azimuth,False,NA,NA,NA,NA,NA,NA,NA,NA,NA
